Timestamp,Child_RMSSD,Child_RMSSD_IBI_Norm,Parent_RMSSD,Parent_RMSSD_IBI_Norm,Proximity,Proximity_Norm,Child_ST,Child_IT,Child_V,Child_P,Child_SP,Child_NSS,Child_ISS,Parent_ST,Parent_IT,Parent_V,Parent_P,Parent_SP,Parent_NSS,Parent_ISS,Supported_JE,Coordinated_JE
2016-10-14 11:07:07,31.619942538915147,0.0716463015338408,100.08410634805192,0.1177788698761859,191.06689259805023,0.1332721038313748,0,0,0,0,0,0,0,0,0,0,0,0,0,0,1,0
2016-10-14 11:07:09,31.786959924785375,0.0716536108665546,98.7949102278806,0.1165355498930467,119.02931888859725,0.08239183708829,0,1,1,0,0,0,0,0,0,0,1,0,0,0,1,0
2016-10-14 11:07:10,31.907134922656827,0.071709788474912,93.390875938343,0.1102326489418353,173.8191526932576,0.1210899943865082,0,0,0,1,0,0,0,0,0,1,0,0,0,0,1,0
2016-10-14 11:07:11,31.90882035153222,0.0715296383551297,91.20151194511864,0.1082459632437296,162.16125832844662,0.1128560028123799,0,1,1,0,0,0,0,0,0,0,1,0,0,0,1,0
2016-10-14 11:07:12,31.946101746153342,0.0713881228779912,90.42861782478272,0.1076008940988364,194.5199816113152,0.1357110267577792,0,1,1,0,0,0,0,0,0,0,1,0,0,0,1,0
2016-10-14 11:07:13,31.944418284292663,0.0712161903409885,90.18361510506976,0.1074042877225578,77.8946913430661,0.0533383763160622,0,0,0,1,0,0,0,0,1,1,0,0,0,0,1,0
2016-10-14 11:07:14,31.95945406795679,0.0711122210771998,89.68543489902399,0.1069073700382409,110.16410500082782,0.076130320714023,0,0,0,1,0,0,0,0,1,1,0,0,0,0,1,0
2016-10-14 11:07:16,32.10628542752566,0.0712535927281042,90.11628888144136,0.1074649345848789,147.16413330486952,0.1022635066706218,0,0,0,1,0,0,0,0,1,0,0,1,0,0,0,0
2016-10-14 11:07:17,32.104372634603564,0.07120177693219,89.51791239807378,0.1068251241487979,210.02486506040736,0.1466621535807351,0,0,1,0,0,0,0,0,1,0,0,0,0,1,0,0
2016-10-14 11:07:18,32.10628542752566,0.0711851532729719,89.43384573844914,0.1066609281560074,194.4205780239074,0.1356408178267716,0,0,0,1,0,0,0,0,1,1,0,0,0,0,0,0
2016-10-14 11:07:19,32.10313488433461,0.0711538422732973,89.2972448260527,0.1065249054545554,183.17767015930664,0.1276999319575998,0,0,1,0,0,0,0,0,1,0,1,0,0,0,0,0
2016-10-14 11:07:20,32.10842312006096,0.0711157970656585,89.32287260406903,0.1064943200309315,163.10162269963797,0.1135201838442798,0,0,0,1,0,0,0,0,1,1,0,0,0,0,0,0
2016-10-14 11:07:21,32.124619954769884,0.071107727227929,88.32107704917601,0.1054190767149368,208.7788759841353,0.145782109274754,0,0,0,1,0,0,0,0,1,1,0,0,0,0,0,0
2016-10-14 11:07:22,32.258624246001595,0.0712892178746246,88.29712090917502,0.1055887716999976,183.8932359318666,0.1282053373385045,0,0,0,1,0,0,0,0,1,0,1,0,0,0,0,0
2016-10-14 11:07:23,32.1426068654484,0.0710182659672152,87.47678943934426,0.1048646201288388,196.58375873452513,0.1371686762193049,0,0,0,1,0,0,0,0,1,0,1,0,0,0,1,0
2016-10-14 11:07:24,32.09863357192466,0.0709061538518411,87.47886233540225,0.1050515768753894,263.46077255449126,0.1844040303119473,0,0,0,1,0,0,0,0,0,1,0,0,0,0,1,0
2016-10-14 11:07:25,32.213118689896596,0.0711700364020258,87.40512916400179,0.1050485836336054,175.11179067310968,0.1220029868962558,0,0,0,1,0,0,0,0,0,1,0,0,0,0,1,0
2016-10-14 11:07:26,32.07634277329757,0.0709247860989859,86.85064204546083,0.1046682766244101,167.03136610697845,0.1162957686190225,0,0,0,1,0,0,0,0,0,1,0,0,0,0,1,0
2016-10-14 11:07:27,32.201364881655735,0.0711661694269819,86.4823916869361,0.1043136112463589,167.7903287037908,0.1168318252542665,0,0,0,1,0,0,0,0,0,1,0,0,0,0,1,0
2016-10-14 11:07:28,32.19130292645677,0.0711311389845568,86.25171380132265,0.1043512693656697,97.3384209468922,0.0670715172004735,0,1,1,0,0,0,0,0,0,0,1,0,0,0,1,0
2016-10-14 11:07:29,32.03363177120454,0.070801609539004,85.15154624336964,0.1036769832198773,99.14002420243284,0.068343992791848,0,0,0,1,0,0,0,0,0,1,0,0,0,0,1,0
2016-10-14 11:07:33,29.778264265263086,0.0661270137952507,76.15069090414033,0.0938077276990577,70.71461166509172,0.0482670732385128,0,1,1,0,0,0,0,0,0,0,0,0,1,0,1,0
2016-10-14 11:07:34,29.717159815092852,0.0661594217670081,72.23027426386786,0.0894465078625753,60.685082632052115,0.0411831990013437,0,1,0,1,0,0,0,0,0,0,1,0,0,0,1,0
2016-10-14 11:07:47,8.05650155987579,0.0180339464606837,71.95841412510438,0.0904529879504397,227.05438289021365,0.1586901323849818,0,0,0,1,0,0,0,0,0,1,0,0,0,0,1,1
2016-10-14 11:07:48,8.260840892422022,0.0184609296899819,71.67847928229094,0.0902532578430656,180.11464324583187,0.1255365105876989,0,0,0,1,0,0,0,0,0,0,1,0,0,0,0,1
2016-10-14 11:07:50,8.131360839960266,0.0181712779553758,73.12508233890317,0.0917873060983535,219.4187211368141,0.1532970508753257,0,0,0,1,0,0,0,0,0,0,1,0,0,0,1,1
2016-10-14 11:07:51,8.0569465598242,0.01803082459394,73.10560533647822,0.0916460259837345,196.08651600272916,0.1368174727913288,0,0,0,1,0,0,0,0,0,0,1,0,0,0,1,0
2016-10-14 11:07:52,7.915220086004067,0.0177566457545876,72.65169956628539,0.0910137286841684,209.91005484562325,0.1465810629213438,0,0,0,1,0,0,0,0,0,0,1,0,0,0,1,0
2016-10-14 11:07:53,7.908923529453001,0.0177664503601225,51.821771605858785,0.0648419948462844,158.96701862837705,0.1105999056173745,0,0,0,1,0,0,0,0,0,1,0,0,0,0,1,0
2016-10-14 11:07:54,8.270933428028073,0.0185841921378746,51.227506337893885,0.0644747138021194,183.61411618662228,0.1280081945648101,0,0,0,1,0,0,0,0,0,0,1,0,0,0,1,0
2016-10-14 11:07:55,8.139526835154019,0.0182886337211164,51.4355879745382,0.0649730266443289,143.3124104901578,0.0995430279795517,0,0,0,1,0,0,0,0,0,1,0,0,0,0,1,0
2016-10-14 11:07:56,8.113691867582428,0.018243335671816,51.87915708744858,0.0656420167001089,87.62032857645093,0.0602076112333421,0,1,1,0,0,0,0,0,1,0,0,0,0,1,1,0
2016-10-14 11:07:57,8.082933109109502,0.0181993366614541,50.00446199283928,0.0634076618132772,161.71119360015416,0.1125381212923896,0,0,0,1,0,0,0,0,1,1,0,0,0,0,1,0
2016-10-14 11:07:58,7.768975984466822,0.0175314948229054,48.037478967775016,0.061050179031748,145.57493450675594,0.1011410527262131,0,1,0,0,0,0,1,0,0,1,0,0,0,0,1,0
2016-10-14 11:07:59,7.3228924339234736,0.0165796665894638,42.41430281751774,0.0540502816844686,153.86003356210958,0.1069928329600878,0,0,0,1,0,0,0,0,1,1,0,0,0,0,1,0
2016-10-14 11:08:00,7.298803176336455,0.0165856955423397,42.04106288409558,0.0535536006464113,88.68731373534185,0.0609612247533399,0,0,0,1,0,0,0,0,1,1,0,0,0,0,1,0
2016-10-14 11:08:01,7.270405865496535,0.0165611362472401,41.980527693248995,0.053410047199598,148.71238208224472,0.1033570375423753,0,0,0,1,0,0,0,0,0,1,0,0,0,0,1,0
2016-10-14 11:08:02,7.297842365014405,0.0166525652196346,40.072425976400496,0.0509568532623814,148.15874432131324,0.102966002204777,0,0,0,1,0,0,0,0,0,0,1,0,0,0,1,0
2016-10-14 11:08:03,7.251573712939463,0.0165723254983359,37.29707793229208,0.0475119555513339,163.07325654241518,0.1135001487768607,0,0,0,1,0,0,0,0,0,1,0,0,0,0,1,0
2016-10-14 11:08:04,7.275708685186408,0.0166418505539828,36.982862223306256,0.0472835647319364,140.37053081089752,0.0974651731171637,0,0,0,1,0,0,0,0,0,1,0,0,0,0,1,0
2016-10-14 11:08:06,7.2220198237087265,0.0165468351629666,37.29371334906326,0.0478493622896302,124.80605951112452,0.0864719592890359,0,0,0,1,0,0,0,0,0,0,1,0,0,0,1,0
2016-10-14 11:08:07,6.928486677087594,0.0158943864236854,37.39049214456473,0.0479914949229971,319.26807971330163,0.2238208308542027,0,0,0,1,0,0,0,0,0,1,0,0,0,0,1,0
2016-10-14 11:08:08,6.235771969399245,0.0143231593338926,36.5907563485201,0.0470109327951005,246.39803352030617,0.1723525873118194,0,0,0,1,0,0,0,0,0,1,0,0,0,0,1,0
2016-10-14 11:08:10,6.161654272184113,0.0141699597791772,36.74253438859282,0.0473185030865131,336.30948512201724,0.2358572058766268,0,0,0,1,0,0,0,0,0,1,0,0,0,0,1,0
2016-10-14 11:08:11,6.097497599256544,0.0140358608255616,36.840761131491085,0.0474504285291223,211.26965820063893,0.1475413531949585,0,0,0,1,0,0,0,0,0,1,0,0,0,0,1,0
2016-10-14 11:08:13,6.017043991151459,0.0138812244176314,36.99672912943639,0.0475417135759434,427.3881789139225,0.3001862496813847,0,0,0,0,0,1,0,0,0,1,0,0,0,0,1,0
2016-10-14 11:08:18,6.293552986957879,0.0144626959116158,39.08153832928783,0.0499471481416641,103.47912452680808,0.0714087070869138,0,0,0,0,0,1,0,0,1,1,0,0,0,0,1,0
2016-10-14 11:08:19,6.295764743479139,0.0144520322844464,40.455756765318526,0.051643361494517,100.83804801617734,0.0695433100388154,0,0,1,0,0,0,0,0,1,1,0,0,0,0,1,0
2016-10-14 11:08:20,6.3199781890969975,0.0144838942103446,40.39367421945192,0.0515624411088951,148.816813197802,0.1034307974254783,0,0,1,0,0,0,0,0,1,1,0,0,0,0,1,0
2016-10-14 11:08:21,6.233395229119091,0.0142630981879409,40.778237885649176,0.0520497545589339,160.88606325705763,0.1119553302599779,0,0,0,1,0,0,0,0,0,1,0,0,0,0,1,0
2016-10-14 11:08:23,6.163253158827645,0.0140615469294607,40.851926029574955,0.052198947682309,85.58455046532569,0.0587697375239698,0,0,0,1,0,0,0,1,0,1,0,0,0,0,1,0
2016-10-14 11:08:24,6.171780469771234,0.0140645333659827,41.09862633456916,0.0524853871982525,73.09256093279275,0.0499466230458139,0,0,0,1,0,0,0,1,0,1,0,0,0,0,1,0
2016-10-14 11:08:25,6.329402309871964,0.0144012714087178,42.337999099664096,0.0540574951097955,155.75744292452808,0.1083329765755579,0,0,0,1,0,0,0,1,0,0,0,1,0,0,1,0
2016-10-14 11:08:26,6.350576918886265,0.0144136433780175,42.62468784251534,0.0542419992585504,108.67380030680908,0.0750777158516497,0,0,1,0,0,0,0,0,1,0,0,0,0,1,1,0
2016-10-14 11:08:28,6.654758414264789,0.0150164180988086,43.32284849430098,0.0549821001161181,189.730600778154,0.1323282785365759,0,0,0,1,0,0,0,0,1,0,1,0,0,0,1,0
2016-10-14 11:08:29,6.849978084759805,0.0154154615230382,44.90867627046581,0.0567370138934967,158.59603840811215,0.1103378816263998,0,0,0,1,0,0,0,0,1,0,1,0,0,0,1,0
2016-10-14 11:08:30,7.170782829532774,0.0160978420947824,44.83517448492589,0.0563773831270277,191.4197857278976,0.133521352878141,0,0,0,1,0,0,0,0,0,1,0,0,0,0,1,0
2016-10-14 11:08:32,7.464705480843608,0.0166755181567373,44.82925854811761,0.0560010256590938,155.00126734818986,0.1077988884178436,0,0,0,1,0,0,0,0,0,1,0,0,0,0,1,0
2016-10-14 11:08:33,7.526408193674779,0.0167835734760742,44.71051601240051,0.0558045834647396,96.94084305895338,0.0667907072294011,0,1,0,0,0,0,1,0,0,1,0,0,0,0,0,0
2016-10-14 11:08:34,7.515921078551238,0.0167224125488793,44.48511837127128,0.0554754743998316,102.44843520226478,0.0706807293794257,0,1,1,0,0,0,0,0,0,0,1,0,0,0,0,0
2016-10-14 11:08:36,7.631931692242433,0.0169199270894154,45.14466387772139,0.0563189985024691,160.6157835051158,0.1117644311893135,1,0,0,0,1,0,0,0,0,0,1,0,0,0,0,0
2016-10-14 11:08:38,7.8507843621174285,0.017356806984278,46.20487170970964,0.0577523297198375,218.1514788442138,0.1524019953847608,1,0,0,0,1,0,0,0,0,0,1,0,0,0,0,0
2016-10-14 11:08:39,7.969974235654599,0.0175954664705583,58.759684628189206,0.0730453832865802,221.12979807293743,0.154505587565901,0,0,0,1,0,0,0,0,0,1,0,0,0,0,0,0
2016-10-14 11:08:40,8.056555912332223,0.0177411708572239,60.88669655751032,0.0755562102411865,146.6812369833289,0.1019224361377865,0,0,0,1,0,0,0,0,0,1,0,0,0,0,0,0
2016-10-14 11:08:41,8.201190106002231,0.0180094953007669,61.15199112977935,0.0755905725726756,203.19634448947204,0.1418391573272641,0,0,0,1,0,0,0,0,0,1,0,0,0,0,0,0
2016-10-14 11:08:42,8.260009284766133,0.0180954446515926,61.6209315653191,0.0760474212194202,161.18612174814294,0.1121672621071904,0,0,0,1,0,0,0,0,0,1,0,0,0,0,0,0
2016-10-14 11:08:43,8.292602376164593,0.0181211470368029,61.70906320289123,0.0761214731358525,136.80837473376178,0.0949492159290972,0,0,0,1,0,0,0,0,0,0,1,0,0,0,0,0
2016-10-14 11:08:44,8.243358722152356,0.0179836574415652,61.46055202348335,0.0758260304482493,141.36305528347174,0.0981661949216639,0,0,0,1,0,0,0,0,0,0,1,0,0,0,0,0
2016-10-14 11:08:45,8.250030446385399,0.0179768702153913,60.86784108969995,0.0753044380547127,167.04838082084194,0.1163077861417589,0,0,0,1,0,0,0,1,0,1,0,0,0,0,0,0
2016-10-14 11:08:46,8.238017452441136,0.017933506647738,60.81287112671453,0.0752327454205237,209.65090024999125,0.1463980215684155,0,0,0,1,0,0,0,1,0,1,0,0,0,0,0,0
2016-10-14 11:08:47,8.216617652372687,0.01787097020494,60.32446242226762,0.0747257006408192,131.18953164437693,0.0909806170375173,0,0,0,1,0,0,0,1,0,0,0,1,0,0,0,0
2016-10-14 11:08:50,8.406027978850986,0.0181589669805605,58.44829478920298,0.0727418859454988,159.6915741108984,0.1111116604464521,0,0,0,1,0,0,0,0,0,1,0,0,0,0,0,0
2016-10-14 11:08:51,8.673007650552545,0.0186794974745632,58.58143170064323,0.0728721546285071,172.88025743968046,0.1204268509949985,0,0,0,1,0,0,0,0,0,1,0,0,0,0,0,0
2016-10-14 11:08:52,8.76125097236829,0.0187903702498651,58.94220286467959,0.0731885485575649,174.93200352017604,0.1218760029096054,0,0,0,1,0,0,0,0,0,1,0,0,0,0,1,0
2016-10-14 11:08:53,8.820794361829071,0.0188783663910204,59.27637733952184,0.0735986690034345,173.46394460199443,0.1208391102783668,0,0,0,1,0,0,0,0,0,0,1,0,0,0,1,0
2016-10-14 11:08:54,8.560533711840852,0.0183002996865004,58.40870272983235,0.0725984943865594,134.84936541382186,0.0935655641538063,0,0,0,1,0,0,0,0,0,1,0,0,0,0,1,0
2016-10-14 11:08:55,8.678146922572251,0.0185411435325583,58.026178458585406,0.0721814494180236,155.13374216971505,0.1078924556204694,0,0,0,1,0,0,0,0,0,1,0,0,0,0,1,0
2016-10-14 11:08:56,8.74752666243872,0.0186814581858631,56.54167640703831,0.0705152684766493,147.7050760346588,0.102645575485091,0,0,0,1,0,0,0,0,0,1,0,0,0,0,1,0
2016-10-14 11:08:57,8.842724958898508,0.018855273235932,56.21341741478684,0.0702244816346866,156.54180796101022,0.1088869749992295,0,0,0,1,0,0,0,1,0,1,0,0,0,0,1,0
2016-10-14 11:08:58,8.899034356638014,0.0189339793533049,55.98184630817718,0.0699761689501799,107.95444768035443,0.0745696358090879,0,0,0,1,0,0,0,1,0,1,0,0,0,0,1,0
2016-10-14 11:08:59,8.836778555928872,0.018764446730433,56.01165036115069,0.0700807198810135,148.23776605560337,0.1030218153965899,0,0,0,1,0,0,0,1,0,0,0,1,0,0,1,0
2016-10-14 11:09:00,8.86878935211411,0.0187646354455988,56.06730349953278,0.0702258612558568,151.62940594543383,0.1054173366975581,1,0,1,0,0,0,0,1,0,0,1,0,0,0,1,0
2016-10-14 11:09:01,8.921120577440698,0.0188284898707359,55.70984502475565,0.0699476143330684,215.18521944237503,0.1503069210808502,1,0,0,0,1,0,0,0,0,0,1,0,0,0,1,0
2016-10-14 11:09:02,8.975255113990027,0.0189077622151262,56.01096009920933,0.0704148262501109,224.92027934608697,0.1571828112469813,1,0,0,0,1,0,0,0,0,0,1,0,0,0,1,0
2016-10-14 11:09:03,9.03180415687392,0.0189967803911856,55.667603140318704,0.0701583084500755,237.02152661270003,0.1657299437660836,0,0,0,1,0,0,0,1,0,1,0,0,0,0,1,0
2016-10-14 11:09:04,8.986073209069131,0.0188898157275723,55.50976879762827,0.0700592301077912,226.96742020395232,0.1586287104846341,0,0,0,1,0,0,0,1,0,0,0,1,0,0,1,0
2016-10-14 11:09:05,9.00981452708656,0.0189384886374314,55.26975657649253,0.0699048209164316,210.0319135801584,0.1466671319628017,0,0,0,1,0,0,0,1,0,0,0,1,0,0,1,0
2016-10-14 11:09:06,8.963863317739571,0.0188532231974607,54.57938997812374,0.0693064833595624,243.687554350966,0.1704381710421401,1,0,1,0,0,0,0,0,0,0,1,0,0,0,1,0
2016-10-14 11:09:07,8.977578951372413,0.0188876538330894,54.4201519459981,0.0692183490511776,199.9329403392054,0.1395342091577748,0,0,0,1,0,0,0,0,0,1,0,0,0,0,1,0
2016-10-14 11:09:08,8.97927844574663,0.0189020169383282,54.28832647783796,0.0691082803600435,221.9981181684841,0.155118883597469,0,0,0,1,0,0,0,0,0,1,0,0,0,0,1,0
2016-10-14 11:09:09,8.958011591848244,0.0188630961047545,53.83356870073823,0.0685940632005915,139.44589269352127,0.0968120995663709,0,0,0,1,0,0,0,0,0,1,0,0,0,0,1,0
2016-10-14 11:09:10,8.920272118588864,0.0187806755569661,54.15383211326862,0.0688976267840938,127.71984552609904,0.0885299715462521,0,0,0,1,0,0,0,0,0,1,0,0,0,0,1,0
2016-10-14 11:09:11,8.970777754220924,0.0188727295237261,53.6023077249988,0.0682795321330022,168.93400181656165,0.1176396036128128,0,0,0,1,0,0,0,0,0,1,0,0,0,0,1,0
2016-10-14 11:09:12,8.943521245327537,0.0188184557014488,53.76674545334924,0.068529959353168,146.54353074276875,0.1018251739745695,0,0,0,1,0,0,0,0,0,1,0,0,0,0,1,0
2016-10-14 11:09:13,8.721966112700379,0.0183549658412176,54.009115509379235,0.0689830366381961,158.19435937160748,0.1100541750067835,0,0,0,1,0,0,0,0,0,1,0,0,0,0,1,0
2016-10-14 11:09:14,8.66809738143306,0.0182553640204146,53.833918342397375,0.0689678743291415,213.03969995579052,0.1487915368423388,0,0,0,1,0,0,0,0,0,1,0,0,0,0,1,0
2016-10-14 11:09:15,8.811424374385696,0.0185479049714331,53.74153397374561,0.0689335210223014,209.06608100489169,0.1459849626929574,0,0,0,1,0,0,0,0,0,1,0,0,0,0,1,0
2016-10-14 11:09:16,8.814859627683607,0.0185401314043278,52.82589235982685,0.0679766340351875,174.5492307720313,0.1216056498351649,0,0,0,1,0,0,0,0,0,1,0,0,0,0,1,0
2016-10-14 11:09:17,8.827174312749026,0.0185431022228611,52.37037202042565,0.0675799139526857,191.56680190084856,0.1336251906632039,0,0,0,1,0,0,0,0,0,0,1,0,0,0,1,0
2016-10-14 11:09:18,9.021238909642276,0.0189239652247335,51.37713010535891,0.0665400939789403,169.43092851754864,0.117990583827665,0,0,0,1,0,0,0,0,0,1,0,0,0,0,1,0
2016-10-14 11:09:19,9.095357326809308,0.0190670444332663,51.180766590505975,0.0665068523918409,205.95849557364295,0.1437900695625116,0,0,0,1,0,0,0,0,0,1,0,0,0,0,1,0
2016-10-14 11:09:20,9.10709327662887,0.0190798668981694,50.994455959505295,0.0663911259580043,199.58125406901968,0.1392858125181392,0,0,0,1,0,0,0,0,0,1,0,0,0,0,1,0
2016-10-14 11:09:21,9.191315773300971,0.0192510036416737,50.67351158845446,0.0661196231081585,224.4705594766155,0.1568651733013911,0,0,0,1,0,0,0,0,0,0,1,0,0,0,1,0
2016-10-14 11:09:22,9.200441963526467,0.0192654271370245,50.795637868708184,0.0663453229305576,212.87149377178687,0.1486727325146908,0,0,0,1,0,0,0,0,0,0,1,0,0,0,1,0
2016-10-14 11:09:23,9.276929240527684,0.0194195454034955,50.79332145326807,0.0663585745312237,211.45721488507513,0.147673824815561,0,0,0,1,0,0,0,0,0,0,1,0,0,0,1,0
2016-10-14 11:09:24,9.375065628970551,0.0196220877838352,50.49028877422179,0.0660392633782186,249.1459592500225,0.174293452153854,0,0,0,1,0,0,0,0,0,1,0,0,0,0,1,0
2016-10-14 11:09:25,9.810020683773288,0.0205009411840486,49.49586542610267,0.0647938794918161,152.47265950298825,0.1060129281886523,0,1,0,0,0,0,1,0,0,1,0,0,0,0,1,0
2016-10-14 11:09:26,10.34203321178788,0.021589827140322,48.74253817201327,0.0640244916616036,135.77556478749602,0.0942197404227058,0,1,0,1,0,0,0,0,0,0,1,0,0,0,1,0
2016-10-14 11:09:27,10.531053788285345,0.0219847813696794,48.68945654115208,0.0640566975614018,142.11186914719835,0.0986950834886358,0,1,0,1,0,0,0,0,0,0,1,0,0,0,1,0
2016-10-14 11:09:28,10.472466108167586,0.0218867462666206,47.2818097306408,0.0624125983424765,141.27606917460082,0.0981047564778853,0,1,0,1,0,0,0,0,0,0,1,0,0,0,1,0
2016-10-14 11:09:29,10.456296945995398,0.0218822511458931,47.22547888365083,0.0625691195379126,187.49166377406195,0.1307469133388996,0,0,1,0,0,0,0,0,1,0,0,0,0,1,1,0
2016-10-14 11:09:30,10.16038077053925,0.0213128642725138,47.104158669838014,0.0628372498857354,179.48153354600288,0.1250893440779708,0,0,0,1,0,0,0,0,1,1,0,0,0,0,1,0
2016-10-14 11:09:31,10.675217380141786,0.0224208758831783,46.997425505063944,0.0628730153894805,244.84754118487183,0.1712574718110089,0,0,0,1,0,0,0,0,1,0,1,0,0,0,1,0
2016-10-14 11:09:32,10.696636377158768,0.0224889245698403,47.05197690309903,0.0630892030231418,214.588193980146,0.1498852409324717,0,0,0,1,0,0,0,0,1,0,1,0,0,0,1,0
2016-10-14 11:09:33,10.688073929216912,0.0224892455950567,46.978264551178114,0.0631452190142755,200.21363990002047,0.1397324677580233,0,0,0,1,0,0,0,0,1,0,1,0,0,0,1,0
2016-10-14 11:09:34,10.963278772580423,0.0230863880196735,46.447457150928656,0.0625726889494165,216.32831016618843,0.1511142880970374,0,0,0,1,0,0,0,0,1,1,0,0,0,0,1,0
2016-10-14 11:09:35,11.223248358248938,0.0236207225540284,46.34828280135126,0.0625172700298458,152.98948164950536,0.1063779605921531,0,0,0,1,0,0,0,0,0,1,0,0,0,0,1,0
2016-10-14 11:09:36,11.209304105748773,0.0235832966921066,46.25559695632926,0.0623739917728137,232.8707893330013,0.1627982706252956,0,0,0,1,0,0,0,0,0,1,0,0,0,0,1,0
2016-10-14 11:09:37,11.117039264647705,0.0233842233176593,46.27273207124691,0.062338316802844,308.6106369233021,0.2162934600110175,0,0,0,1,0,0,0,0,0,1,0,0,0,0,1,0
2016-10-14 11:09:38,11.23479875765472,0.0236092165039193,27.83438689318453,0.0375019555321188,247.0528222942561,0.1728150657902496,0,0,0,1,0,0,0,0,0,0,1,0,0,0,1,0
2016-10-14 11:09:39,11.293724707705492,0.0237156638947804,22.203646949683986,0.0301032935466113,224.2126778102705,0.1566830310206876,0,0,0,1,0,0,0,0,0,0,1,0,0,0,1,0
2016-10-14 11:09:40,11.432706902102188,0.0240274559443711,22.20606282587723,0.0302186949357608,202.240098539208,0.1411637591077507,0,0,0,1,0,0,0,0,0,1,0,0,0,0,1,0
2016-10-14 11:09:41,11.44871163261941,0.024115299730419,20.56657467150652,0.0281108547851652,120.80441189392238,0.0836455884426735,0,0,0,1,0,0,0,0,0,1,0,0,0,0,1,0
2016-10-14 11:09:42,11.45404157314679,0.0241742800113472,20.24025381658896,0.0277384304304119,117.50106202001018,0.0813124265373562,0,0,0,1,0,0,0,0,0,1,0,0,0,0,1,0
2016-10-14 11:09:43,11.431364217756306,0.0241790718526896,20.193781509672583,0.0277231077560628,129.0911241561457,0.0894985080874364,0,0,1,0,0,0,0,0,0,1,0,0,0,0,1,0
2016-10-14 11:09:44,11.451871296579498,0.0242575610127464,19.962080853161034,0.0274480226472507,145.43079356517782,0.101039245722195,0,0,0,1,0,0,0,0,0,0,1,0,0,0,1,0
2016-10-14 11:09:45,11.56924515356292,0.0245401597411605,19.84935777305403,0.0273258168588353,149.97156535539068,0.1042464009331316,0,0,0,1,0,0,0,0,0,0,1,0,0,0,1,0
2016-10-14 11:09:46,11.545669173807422,0.0245341696848906,19.62451531589661,0.0270183986802631,167.97256324991855,0.1169605378390932,0,0,0,1,0,0,0,0,0,0,1,0,0,0,1,0
2016-10-14 11:09:47,11.520348265515766,0.0245471776808154,19.94226576140231,0.0274681304985635,154.150029885152,0.1071976578800723,0,0,0,1,0,0,0,0,0,0,1,0,0,0,1,0
2016-10-14 11:09:48,11.301870837421143,0.0241200796926283,19.852247387693364,0.0273469944403448,213.80944999828665,0.1493352126697017,0,0,0,1,0,0,0,0,0,1,0,0,0,0,1,0
2016-10-14 11:09:49,11.195917468552834,0.0239534824580667,18.76845033537974,0.0258464949836284,186.69827165573577,0.1301865390712277,0,0,0,1,0,0,0,0,0,1,0,0,0,0,1,0
2016-10-14 11:09:50,11.172935062080096,0.0239419260274236,18.453519271374425,0.0254501200016222,138.5693262929787,0.0961929791548824,0,0,0,1,0,0,0,0,0,0,1,0,0,0,1,0
2016-10-14 11:09:51,10.952367214920876,0.0235196446218228,18.222643740764404,0.0251645750627993,160.88788927761362,0.1119566199815521,0,0,0,1,0,0,0,0,0,0,1,0,0,0,1,0
2016-10-14 11:09:52,10.90034264921967,0.0234623680345393,17.332935989530146,0.0239838642792137,177.5404982916496,0.1237183874172488,0,0,0,0,0,1,0,0,0,1,0,0,0,0,1,0
2016-10-14 11:09:53,10.855338904011576,0.0233877030249268,17.366118083831836,0.0240485720273895,152.9869113191899,0.1063761451632688,0,0,0,1,0,0,0,0,0,1,0,0,0,0,1,0
2016-10-14 11:09:54,10.910450320543694,0.0235026066589892,16.89047609454963,0.0234154652611072,201.58645466474923,0.1407020892738723,0,0,0,1,0,0,0,0,0,0,1,0,0,0,1,0
2016-10-14 11:09:55,10.73004296190206,0.0231192626589582,16.436817080357635,0.0228081299150001,244.60271847359755,0.1710845530935539,0,0,0,1,0,0,0,0,0,1,0,0,0,0,0,0
2016-10-14 11:09:56,10.652692186869269,0.0229831993633172,16.649249371010146,0.023112955470325,255.51788109968692,0.1787939519164449,0,1,0,0,0,0,1,0,0,1,0,0,0,0,0,0
2016-10-14 11:09:57,10.656855292162122,0.0230444693311125,16.74976721158513,0.0232952531434118,272.0822798119529,0.1904934162587358,0,1,1,0,0,0,0,0,0,0,1,0,0,0,0,0
2016-10-14 11:09:58,10.675739635586234,0.0231639236813548,16.59350425394916,0.0230979579015304,214.18864760323407,0.1496030406141281,0,1,0,0,1,0,0,0,0,0,1,0,0,0,0,0
2016-10-14 11:09:59,10.692521947902524,0.0232705302157173,16.357882842531456,0.0227897578649689,176.15546747520352,0.1227401376822925,0,0,0,1,0,0,0,0,0,1,0,0,0,0,0,0
2016-10-14 11:10:00,10.647528743885267,0.0232705871129679,16.259247108295465,0.0226659222285325,150.42384358896624,0.1045658458558497,0,0,0,1,0,0,0,0,0,0,1,0,0,0,0,0
2016-10-14 11:10:01,10.55480137514724,0.0231433403456757,16.275049194842417,0.0226948151135036,107.9855071392733,0.0745915731602966,0,0,0,1,0,0,0,1,0,1,0,0,0,0,1,0
2016-10-14 11:10:02,10.417753750130304,0.0229366041551579,16.29877303213842,0.0226919695240105,171.86220438699078,0.1197077983088491,0,0,0,1,0,0,0,1,0,1,0,0,0,0,1,0
2016-10-14 11:10:03,10.418801901763723,0.0229898397808838,16.199124336870586,0.0225242695401113,160.34957199530965,0.1115764055253225,1,0,1,0,0,0,0,0,0,0,1,0,0,0,1,0
2016-10-14 11:10:04,10.403943238604745,0.0230171188686169,16.649131544488732,0.0231352264114378,161.49222075220973,0.112383460379491,1,0,0,0,1,0,0,0,0,0,1,0,0,0,1,0
2016-10-14 11:10:05,10.38969768037498,0.0230166355951921,16.580786299844547,0.0230034341027004,136.567367693563,0.0947789922269257,1,0,0,0,1,0,0,0,0,0,1,0,0,0,1,0
2016-10-14 11:10:06,10.395954231684604,0.0230556228419083,16.859462238974995,0.0233839128988374,139.50020073842322,0.0968504574353082,0,0,0,1,0,0,0,0,0,1,0,0,0,0,1,0
2016-10-14 11:10:07,10.416782262912104,0.0231093404455208,16.953019627075022,0.0235186655373273,199.45171345961737,0.139194317754767,0,0,0,1,0,0,0,0,0,0,1,0,0,0,1,0
2016-10-14 11:10:08,10.41123219537837,0.0231120869625586,17.77798808916901,0.0246476809818826,170.54105854936597,0.1187746706483315,0,0,0,1,0,0,0,0,0,1,0,0,0,0,1,0
2016-10-14 11:10:09,10.352643049008408,0.0230059479588115,17.98688957973349,0.0249212089262134,163.60537614739636,0.1138759858025477,0,0,0,1,0,0,0,0,0,1,0,0,0,0,1,0
2016-10-14 11:10:10,10.37891366768904,0.0230858745076663,17.903934541279,0.0247893003915025,135.9467660049898,0.0943406601478475,0,0,1,0,0,0,0,0,0,0,1,0,0,0,1,0
2016-10-14 11:10:11,10.365330747722275,0.0230703566790945,17.385169419905726,0.0240386962282122,170.64100711684097,0.1188452644997323,0,0,1,0,0,0,0,0,0,0,1,0,0,0,1,0
2016-10-14 11:10:12,10.338434517533107,0.0230232184945115,19.421375397053172,0.0268666732490168,158.0934803839784,0.1099829239979692,0,0,0,1,0,0,0,0,1,1,0,0,0,0,1,0
2016-10-14 11:10:13,10.27756749656599,0.0229003069339871,19.073328529263406,0.0263882070966134,304.38527248531534,0.2133090775752818,0,0,0,1,0,0,0,0,1,1,0,0,0,0,1,0
2016-10-14 11:10:14,10.165806255894628,0.0226822439031242,18.973064167908895,0.0262110898501172,297.3206981206634,0.2083193561064605,0,0,0,1,0,0,0,0,1,1,0,0,0,0,1,0
2016-10-14 11:10:15,10.12362197227617,0.0226381622591807,19.03640223518574,0.0262738210258672,201.65529554465664,0.1407507117100838,0,0,0,1,0,0,0,0,0,1,0,0,0,0,1,0
2016-10-14 11:10:16,10.130702419338595,0.0227017206926324,19.1375614635454,0.0263753202404717,277.17326658190944,0.1940891892908155,0,0,0,1,0,0,0,0,0,1,0,0,0,0,1,0
2016-10-14 11:10:17,9.945435332395018,0.0223412304449257,19.075462573876045,0.0262646078777681,314.9430869457947,0.2207660807517046,0,0,0,1,0,0,0,0,0,1,0,0,0,0,1,0
2016-10-14 11:10:18,9.8472712187431,0.0221740446202056,19.25025332226488,0.0265099977375105,329.4359372879516,0.2310024067869301,0,0,0,1,0,0,0,0,0,1,0,0,0,0,1,0
2016-10-14 11:10:19,9.817956797732212,0.0221469958670186,19.228704184052575,0.0264813736518431,343.7936544464722,0.2411432880136313,0,0,0,1,0,0,0,0,0,0,1,0,0,0,1,0
2016-10-14 11:10:20,9.791271300934968,0.0221319505681356,19.110792046899125,0.0263213540593762,331.49460090628986,0.2324564445708483,0,0,0,1,0,0,0,0,0,1,0,0,0,0,1,0
2016-10-14 11:10:21,9.73446997939812,0.022038613418479,19.25012279408336,0.0265139149460926,239.6333123549983,0.1675746526922878,0,0,0,1,0,0,0,0,0,1,0,0,0,0,1,0
2016-10-14 11:10:24,9.145262986191163,0.0207761797805218,19.368717537757536,0.0266484101951568,394.9267635729594,0.2772586941522688,0,0,0,1,0,0,0,0,0,1,0,0,0,0,1,0
2016-10-14 11:10:25,8.668559642979476,0.0197459674151087,19.16578811999837,0.0263765834463283,407.9239948193615,0.2864386617537,0,0,0,1,0,0,0,0,0,0,1,0,0,0,1,0
2016-10-14 11:10:26,8.307114663202997,0.0189691467848073,19.175666993303498,0.0263663851132132,441.72850146383945,0.3103148450650171,0,0,0,1,0,0,0,0,0,1,0,0,0,0,1,0
2016-10-14 11:10:30,7.771552993793828,0.0178085236502727,19.33895819602664,0.026388920763531,412.79613291557393,0.2898798615773402,0,0,0,1,0,0,0,0,0,1,0,0,0,0,1,0
2016-10-14 11:10:31,6.948868582669876,0.0159483497051221,19.679283237960835,0.0268242923107219,478.46117274383823,0.3362591962788772,0,1,1,0,0,0,0,0,0,0,1,0,0,0,1,0
2016-10-14 11:10:32,7.134894346952994,0.0163899829305647,19.4109188674678,0.0264258898709999,468.5728216747804,0.3292750362893674,0,1,0,1,0,0,0,0,0,1,0,0,0,0,1,0
2016-10-14 11:10:33,8.48398767952205,0.0194722874655852,19.088612166444108,0.0259469984846532,568.6945391584902,0.3999911838499903,0,0,0,1,0,0,0,0,0,1,0,0,0,0,1,0
2016-10-14 11:10:34,8.17859789633791,0.0187683142942773,19.19448437144495,0.0260482217229242,563.2788057808359,0.3961660417099195,0,1,1,0,0,0,0,0,0,0,1,0,0,0,1,0
2016-10-14 11:10:35,7.976945304822389,0.0183070467228872,19.82445928117626,0.0268666560563678,439.424167429665,0.3086872898284006,0,1,0,0,1,0,0,0,0,0,1,0,0,0,1,0
2016-10-14 11:10:36,7.987846052350791,0.0183323616089811,19.784430804043623,0.0268089040958421,489.9528718218367,0.3443758038256289,0,0,0,0,0,1,0,0,0,1,0,0,0,0,1,0
2016-10-14 11:10:37,8.087873932857274,0.0185736932622603,19.844593420652533,0.0268807661993141,482.3485525874447,0.3390048595930268,0,0,0,1,0,0,0,0,0,1,0,0,0,0,1,0
2016-10-14 11:10:38,7.844511288193361,0.0180450192762152,20.720046703330173,0.027977527410318,491.1649031835883,0.3452318637373026,0,0,1,0,0,0,0,0,0,0,1,0,0,0,1,0
2016-10-14 11:10:39,7.721080653962003,0.0177819284762248,21.21889642993588,0.028583170583113,477.3191893352834,0.3354526113614313,0,0,0,0,0,1,0,0,0,1,0,0,0,0,1,0
2016-10-14 11:10:40,7.527520765338673,0.0173321984323976,23.137782919796,0.0311392037529743,522.1008656017035,0.3670819891473592,0,0,0,1,0,0,0,0,0,1,0,0,0,0,1,0
2016-10-14 11:10:41,7.473692408076367,0.0171836192312212,23.265610704098908,0.0312522559462127,423.5368532404086,0.2974660514918507,0,0,0,0,0,1,0,0,0,1,0,0,0,0,1,0
2016-10-14 11:10:42,7.586474349224219,0.0174270504614589,24.618044340426735,0.0329527809210418,499.67064946231034,0.3512394874984231,0,0,0,1,0,0,0,0,0,1,0,0,0,0,1,0
2016-10-14 11:10:43,7.725398384422717,0.0177354959834046,24.996513413297325,0.0333857402595144,502.873928781968,0.3535019693928598,0,0,0,1,0,0,0,0,0,0,1,0,0,0,1,0
2016-10-14 11:10:44,7.729481935963856,0.0177312331261956,26.898194490132884,0.035906337058918,472.0217525661176,0.3317110223268409,0,1,0,0,0,0,1,0,0,1,0,0,0,0,1,0
2016-10-14 11:10:45,8.183800082729839,0.0187461456796748,26.892808387858196,0.0358868667535445,444.78647454604186,0.3124746969048801,0,1,0,1,0,0,0,0,0,1,0,0,0,0,1,0
2016-10-14 11:10:46,8.149453902077443,0.0186382554452989,27.291605173387495,0.0363462136786952,509.17437817889714,0.3579519880346592,0,0,0,1,0,0,0,0,0,1,0,0,0,0,1,0
2016-10-14 11:10:47,8.150314320588215,0.0185859863685475,28.266766202970196,0.0375320272841032,469.8353310043418,0.3301667488796998,0,0,0,1,0,0,0,0,0,1,0,0,0,0,1,0
2016-10-14 11:10:49,8.216204299624692,0.0186744593873699,30.591232231770807,0.0404476459575589,652.7086321167626,0.4593304874908384,0,0,0,1,0,0,0,0,0,1,0,0,0,0,0,0
2016-10-14 11:10:50,8.241957798054258,0.0187110069572937,31.397349861398503,0.0414701130567651,893.6589320246496,0.6295141138937195,0,0,1,0,0,0,0,0,0,0,1,0,0,0,0,0
2016-10-14 11:10:51,8.268485478310689,0.0187519722776142,31.902638569561457,0.0420496268794011,745.0744869296353,0.524568655419519,0,0,0,1,0,0,0,0,1,1,0,0,0,0,0,0
2016-10-14 11:10:52,8.274890689185492,0.0187478749420629,31.950891213512183,0.0420590896541849,233.87287496068635,0.1635060454906967,0,0,0,1,0,0,0,0,1,0,1,0,0,0,0,0
2016-10-14 11:10:54,8.206310696450169,0.0185779903249632,32.14641049919528,0.0421791939491825,394.039799233679,0.2766322296581117,0,1,0,0,0,0,1,0,0,1,0,0,0,0,0,0
2016-10-14 11:10:55,8.194681225245507,0.0185471402407337,32.1646616799801,0.0421703100590527,211.13469724293705,0.1474460300299187,0,1,1,0,0,0,0,0,1,0,0,0,0,1,0,0
2016-10-14 11:10:56,8.109304902207604,0.0183423648032655,32.60159249092595,0.0427066799310389,147.17719165365577,0.1022727298056506,0,0,0,1,0,0,0,0,1,1,0,0,0,0,0,0
2016-10-14 11:10:57,8.155363465327063,0.0184204313806268,32.60406175454099,0.0426784165403438,151.83566317407684,0.1055630165458741,0,0,0,1,0,0,0,0,1,0,1,0,0,0,0,0
2016-10-14 11:11:10,8.43632374109304,0.0187435325689969,31.68770122199892,0.0423225969529004,741.8259447463307,0.5222742042837916,0,0,0,1,0,0,0,0,0,1,0,0,0,0,0,0
2016-10-14 11:11:11,8.409239506976986,0.0186890754634578,30.72623977084281,0.0411276523238624,605.3875078486951,0.4259074930538952,0,0,0,1,0,0,0,0,0,1,0,0,0,0,0,0
2016-10-14 11:11:14,8.382336704048367,0.0186440821043684,31.28185338851172,0.0418925541447234,393.483323209366,0.2762391896500269,0,0,0,1,0,0,0,0,0,0,1,0,0,0,1,0
2016-10-14 11:11:15,8.394685946363927,0.018671126164114,31.28474754288728,0.0418793143132447,624.026388015829,0.439072167346246,0,0,0,1,0,0,0,0,0,1,0,0,0,0,1,0
2016-10-14 11:11:16,8.363067431202879,0.0186160092896181,31.340456071418103,0.0419203226609612,772.5746426724248,0.5439920644492695,0,0,0,1,0,0,0,0,0,1,0,0,0,0,1,0
2016-10-14 11:11:17,8.393394886563962,0.0186807627858366,31.117023556171027,0.0415509066117056,488.0499032847271,0.3430317337551633,0,0,0,1,0,0,0,0,0,1,0,0,0,0,1,0
2016-10-14 11:11:18,8.357063484783295,0.018618048173919,31.60492423512248,0.0421783427821783,2.3768636789038826,0.0,0,0,0,1,0,0,0,0,0,1,0,0,0,0,1,0
2016-10-14 11:11:19,8.35062589480383,0.0186124698728359,31.796849487207133,0.0424413906538926,1168.4645030927434,0.8236097786758823,0,0,0,1,0,0,0,0,0,1,0,0,0,0,1,0
2016-10-14 11:11:20,8.361053600758044,0.0186419889657423,31.743273022127664,0.0423788550703655,1010.5380881448572,0.7120660702392793,0,0,0,1,0,0,0,0,0,0,1,0,0,0,1,0
2016-10-14 11:11:24,8.348478928347262,0.0187198889536898,32.58011138430524,0.0433259102724308,634.0359135952939,0.4461419131084922,0,0,0,1,0,0,0,1,0,1,0,0,0,0,1,0
2016-10-14 11:11:29,8.30684266027947,0.0188490914107139,35.87915283312632,0.047387427715732,372.72499743859674,0.2615775471491774,0,0,0,1,0,0,0,0,0,1,0,0,0,0,0,0
2016-10-14 11:11:30,8.282598624882144,0.0188511826452426,35.8886931675652,0.0473034903866941,429.7923611431151,0.3018843278761567,0,0,1,0,0,0,0,0,0,1,0,0,0,0,0,0
2016-10-14 11:11:31,8.29275198281612,0.0189086498417792,35.93121327705031,0.0473135477663676,369.98896833032455,0.2596450849120787,0,0,0,1,0,0,0,0,0,0,1,0,0,0,0,0
2016-10-14 11:11:32,6.923594371546773,0.0158300010951392,42.73869383165895,0.0560437523185398,427.7642961822687,0.3004519019785778,0,0,0,1,0,0,0,0,0,1,0,0,0,0,0,0
2016-10-14 11:11:35,6.595986657205801,0.0152315069287207,58.82885816260036,0.0764937008019798,456.1895801628468,0.3205287307320421,0,0,0,1,0,0,0,0,0,0,1,0,0,0,0,0
2016-10-14 11:11:36,6.474581517068241,0.015002621564026,58.87378967153507,0.0765309440896564,516.3882695341175,0.3630471723601285,0,0,0,1,0,0,0,0,0,1,0,0,0,0,0,0
2016-10-14 11:11:37,6.3832115454749285,0.0148239647338345,58.89734659194963,0.0765030470636711,516.493365687326,0.3631214019605102,0,0,0,1,0,0,0,0,0,1,0,0,0,0,0,0
2016-10-14 11:11:38,6.323932727187452,0.014710300517355,59.18568109945189,0.0770756154235961,542.1651314557164,0.3812534158915998,0,0,0,1,0,0,0,0,0,1,0,0,0,0,0,0
2016-10-14 11:11:39,6.373140554395387,0.0148561533313515,58.41348504990067,0.076217889337499,1017.5177273225668,0.7169958018341364,0,1,1,0,0,0,0,0,0,0,1,0,0,0,0,0
2016-10-14 11:11:40,6.204585557296243,0.0144990771580815,58.20927125497111,0.0761218429913052,712.7562414448785,0.5017422210150918,0,1,1,0,0,0,0,0,0,0,1,0,0,0,0,0
2016-10-14 11:11:41,6.068959094563907,0.0142197002727798,58.36198403590922,0.0763882318960766,672.4548468426223,0.4732772741562273,0,0,0,1,0,0,0,0,0,1,0,0,0,0,0,0
2016-10-14 11:11:42,6.064467727366248,0.0142294971698715,58.06108924165394,0.076255123241131,294.47765165432907,0.2063113073185668,0,1,1,0,0,0,0,0,0,0,1,0,0,0,0,0
2016-10-14 11:11:43,5.908001352443037,0.0138761243333951,56.90347542862932,0.0749277874255224,271.61847014606604,0.1901658266648175,0,0,1,0,0,0,0,0,1,0,0,0,0,1,0,0
2016-10-14 11:11:44,5.498315726663768,0.0129216728987193,56.90175647865204,0.0749572462481197,354.28397862837886,0.2485526226859733,0,0,0,1,0,0,0,0,1,1,0,0,0,0,0,0
2016-10-14 11:11:45,5.222166912368686,0.0122873322609379,56.55498849330882,0.0746280610391562,202.8072973263081,0.1415643726223091,0,0,0,1,0,0,0,0,1,1,0,0,0,0,0,0
2016-10-14 11:11:46,5.306960405763149,0.0125082991373609,56.21344092863298,0.0743434887091729,361.38523310673503,0.2535682513844989,0,0,0,1,0,0,0,0,1,1,0,0,0,0,0,0
2016-10-14 11:11:47,5.3380170646353475,0.0126174490187333,55.35039760346151,0.0734061078154959,365.8575544369238,0.2567270599134837,0,0,0,1,0,0,0,0,1,1,0,0,0,0,0,0
2016-10-14 11:11:49,5.298669769771903,0.0125739530621459,54.308497171020875,0.0723430369808779,519.4747531211032,0.3652271612203498,0,0,0,1,0,0,0,0,1,1,0,0,0,0,0,0
2016-10-14 11:11:52,5.134234512313036,0.0122399789672764,53.94361730286594,0.0721880085182105,465.00619906227064,0.3267559243794031,0,0,0,1,0,0,0,0,0,0,1,0,0,0,0,0
2016-10-14 11:11:54,5.100769274871934,0.0121945444319681,53.89279393718069,0.0723504642554832,1040.46028440465,0.7332001708043209,0,0,0,1,0,0,0,0,0,1,0,0,0,0,0,0
2016-10-14 11:11:55,5.122113555742141,0.0122663198180321,53.65528168659522,0.0721072342104414,952.6069338786864,0.6711491926985969,0,0,0,1,0,0,0,0,0,0,1,0,0,0,0,0
2016-10-14 11:11:56,5.086182209075387,0.0121939368152413,69.79527440401735,0.0939255169979202,818.3787718469206,0.5763436025470502,0,0,1,0,0,0,0,0,0,0,1,0,0,0,0,0
2016-10-14 11:11:57,5.075024689017033,0.0121802575000194,72.44389171558507,0.0975895886841013,827.9162652805759,0.5830799511631491,0,0,0,1,0,0,0,0,0,0,1,0,0,0,0,0
2016-10-14 11:11:58,5.072395823422863,0.0121852529819595,72.55331972651992,0.0978132525745476,697.5363203831786,0.4909923636343959,0,0,1,0,0,0,0,0,0,1,0,0,0,0,0,0
2016-10-14 11:11:59,5.055934444826763,0.0121532320927291,72.49776310593997,0.0977462972912284,665.3185540147924,0.4682368978090003,0,0,0,1,0,0,0,0,0,0,1,0,0,0,0,0
2016-10-14 11:12:00,5.091956448880422,0.012249140410054,72.93390089922698,0.0983027881614484,710.1587201022778,0.4999075870598252,0,0,0,1,0,0,0,0,0,1,0,0,0,0,0,0
2016-10-14 11:12:01,5.0460318412521445,0.0121613466352365,72.52727258666124,0.0978719937757753,735.1876303260666,0.5175855509736486,0,0,0,1,0,0,0,0,0,1,0,0,0,0,0,0
2016-10-14 11:12:02,4.985492640786655,0.0120310419208165,72.47992007295358,0.0978319689264615,752.9668525638624,0.5301430473378678,0,0,0,1,0,0,0,0,0,0,1,0,0,0,0,0
2016-10-14 11:12:03,5.117902891774129,0.0123628324364394,72.53055980769807,0.0978987282988024,715.2518046133542,0.5035048417301978,0,0,0,1,0,0,0,0,0,0,1,0,0,0,0,0
2016-10-14 11:12:06,5.0179329457903625,0.012099494686267,72.91767839370253,0.0979152249616777,632.3516804966624,0.4449523362681959,0,0,0,1,0,0,0,0,1,1,0,0,0,0,0,0
2016-10-14 11:12:07,5.148222869119372,0.0123925251950593,72.47005107150905,0.0973765315504098,388.8523547852148,0.2729683283957326,0,0,0,1,0,0,0,0,1,1,0,0,0,0,0,0
2016-10-14 11:12:08,5.2804642708142975,0.0126950164593405,72.45623221119544,0.0973690049662259,543.4821340387871,0.382183617164039,0,0,0,1,0,0,0,0,1,1,0,0,0,0,0,0
2016-10-14 11:12:09,5.392933536101552,0.0129607602760836,72.44586633614327,0.0973345741862001,401.0088254639087,0.2815544653092427,0,0,0,1,0,0,0,0,1,0,0,1,0,0,0,0
2016-10-14 11:12:10,5.382794822315654,0.0129374585236807,72.30751267019082,0.0971833216812714,236.05537239760804,0.1650475473214573,1,0,1,0,0,0,0,0,0,0,1,0,0,0,0,0
2016-10-14 11:12:11,5.37931343195466,0.01293392971273,72.26900659845674,0.0973065888007271,301.91106857513665,0.2115615429423912,0,0,0,1,0,0,0,0,0,1,0,0,0,0,0,0
2016-10-14 11:12:12,5.399113134251364,0.0129844998911206,72.26859421687271,0.0973581880284606,497.9179119160114,0.3500015258446062,0,0,0,1,0,0,0,0,0,1,0,0,0,0,0,0
2016-10-14 11:12:13,5.404668731468998,0.0130025261448067,71.98398454351995,0.097146755840835,314.2653783693138,0.2202874139758843,1,0,1,0,0,0,0,0,0,0,1,0,0,0,0,0
2016-10-14 11:12:14,5.413915391320214,0.013029023174411,71.97876778771327,0.0973313375728996,311.14518748478383,0.2180836175913124,1,0,0,0,1,0,0,0,0,0,1,0,0,0,0,0
2016-10-14 11:12:15,5.464000758982591,0.0131607564716316,71.5529051000897,0.0971265997743955,366.62459876629566,0.2572688246908431,0,0,0,1,0,0,0,0,0,1,0,0,0,0,0,0
2016-10-14 11:12:16,5.4788136752151,0.0132056810450417,71.55265828039839,0.0973923425269653,471.3388590286911,0.3312286934038607,0,0,0,1,0,0,0,0,0,1,0,0,0,0,0,0
2016-10-14 11:12:17,5.5122702545169595,0.0133005376916061,71.35707398633205,0.0975737422196871,299.4115468310609,0.2097961262782813,0,1,1,0,0,0,0,0,0,0,1,0,0,0,0,0
2016-10-14 11:12:18,5.545959246775303,0.0133924793523491,71.28080426334736,0.0975790957055129,435.8686459670008,0.306176018680364,0,0,0,1,0,0,0,0,1,1,0,0,0,0,0,0
2016-10-14 11:12:19,5.536845277725928,0.0133870281681904,70.88298981746296,0.0971550431480238,333.8524592561599,0.2341218041270663,0,0,0,1,0,0,0,0,1,1,0,0,0,0,0,0
2016-10-14 11:12:20,5.556916110470741,0.013449807932455,71.07999982028304,0.0973851783397706,301.03011958080583,0.2109393270970966,0,0,0,1,0,0,0,0,1,0,0,1,0,0,0,0
2016-10-14 11:12:21,5.552373080538961,0.0134506355641588,70.64336243665915,0.0969328984068151,372.7449702380125,0.2615916539730133,0,0,1,0,0,0,0,0,0,0,1,0,0,0,0,0
2016-10-14 11:12:22,5.523676408041018,0.0133951616822021,70.6594122562755,0.0971085614618528,318.82115314179055,0.2235051658199419,0,0,1,0,0,0,0,0,0,0,1,0,0,0,0,0
2016-10-14 11:12:23,5.558929478495464,0.0134799341667947,70.94595273441811,0.0976476430443001,379.75968333293827,0.2665461583381318,0,0,0,1,0,0,0,0,0,0,1,0,0,0,0,0
2016-10-14 11:12:24,5.5746415657279345,0.0135137128507221,70.35755894999289,0.0969633969009387,528.2260685501939,0.3714082309101884,0,0,0,1,0,0,0,0,0,0,1,0,0,0,0,0
2016-10-14 11:12:25,5.598698099875282,0.0135566649359015,69.73334079661684,0.0961935971464797,929.3547374510324,0.6547261249065957,0,0,0,1,0,0,0,0,0,1,0,0,0,0,0,0
2016-10-14 11:12:26,5.6170032313598295,0.0135841527101489,69.30632566637424,0.0960081368946846,683.1571563113507,0.4808363344145893,0,0,0,1,0,0,0,0,0,1,0,0,0,0,0,0
2016-10-14 11:12:29,5.667876097397234,0.0136215258135766,68.64937545399485,0.0956994745644591,135.16274352490163,0.0937869036723677,0,0,0,1,0,0,0,0,0,0,1,0,0,0,0,0
2016-10-14 11:12:30,5.673168507626054,0.0135985619497132,68.58306371864467,0.0958851961644714,59.91630852775198,0.0406402124808686,0,0,0,1,0,0,0,0,0,1,0,0,0,0,0,0
2016-10-14 11:12:31,5.70540434412167,0.013649870249648,64.44264336330964,0.0903671286989281,87.37063515719514,0.0600312523261561,0,0,0,1,0,0,0,0,0,1,0,0,0,0,0,0
2016-10-14 11:12:32,5.815656295798289,0.0138834702669807,62.42929728346756,0.0880659627816443,53.70599862365599,0.0362538595235623,0,0,0,1,0,0,0,0,0,1,0,0,0,0,1,0
2016-10-14 11:12:33,5.9164074421811925,0.014096870569235,52.12093417163092,0.0740808913457367,100.11273167447644,0.0690310178135427,0,0,0,1,0,0,0,0,0,1,0,0,0,0,1,0
2016-10-14 11:12:34,5.949868210037153,0.0141481346964036,51.404102549475034,0.073296087772657,75.59008999981647,0.0517106322785694,0,0,0,1,0,0,0,0,0,1,0,0,0,0,1,0
2016-10-14 11:12:35,5.968028857261123,0.0141630620850735,51.32054841941276,0.0732417408782843,68.54158130906512,0.0467322580238668,0,0,0,1,0,0,0,0,0,1,0,0,0,0,1,0
2016-10-14 11:12:37,6.134568887546981,0.0144913555811945,50.35313830932146,0.0718000416469192,61.37629831309093,0.0416714058691944,0,0,0,0,0,1,0,0,0,1,0,0,0,0,1,0
2016-10-14 11:12:39,6.155885814270976,0.0144854286642171,50.41248492731157,0.0719137764058503,88.73946563178812,0.0609980597307788,0,1,0,0,0,0,1,0,0,1,0,0,0,0,1,0
2016-10-14 11:12:41,6.572937305580713,0.0153917167659471,50.04739198307155,0.0713652243854595,96.73459656466028,0.0666450349627756,0,0,1,0,0,0,0,0,1,0,0,0,0,1,1,0
2016-10-14 11:12:42,6.524744893329332,0.0152534518517961,49.97953108137341,0.0712834630358744,53.198081911900225,0.0358951170445105,0,0,0,1,0,0,0,0,1,1,0,0,0,0,1,0
2016-10-14 11:12:43,6.774437512789263,0.0158162882195535,50.380706092520235,0.0718957365319456,75.5216372946211,0.051662284010849,0,0,0,1,0,0,0,1,1,1,0,0,0,0,1,0
2016-10-14 11:12:44,6.902855277983676,0.0160988015723399,50.097023568774695,0.0714626108943156,132.28281918153928,0.0917528079741814,0,0,0,1,0,0,0,1,0,1,0,0,0,0,1,0
2016-10-14 11:12:50,7.364855523797131,0.0169964310711351,50.38239618523497,0.0720233180147297,53.00672833214442,0.0357599636699745,0,0,0,0,0,1,0,0,0,1,0,0,0,0,1,0
2016-10-14 11:12:52,7.523521489513468,0.0172861833456855,50.08380822287018,0.0716969372261137,83.8039843225745,0.0575121204828646,0,0,0,1,0,0,0,0,0,0,1,0,0,0,1,0
2016-10-14 11:12:53,7.524919437217989,0.0172478702394973,50.442632511210945,0.0721238490926804,27.5412454876991,0.0177736477358386,0,0,0,1,0,0,0,0,0,1,0,0,0,0,1,0
2016-10-14 11:13:03,7.80331638333087,0.0174416006003441,17.801789367607476,0.0252871113269123,51.08993655852365,0.0344061302229164,0,0,0,1,0,0,0,0,1,1,0,0,0,0,1,0
2016-10-14 11:13:07,7.537832042688594,0.0168095945388431,19.24918691929195,0.0271927287695612,243.3700392837905,0.1702139095841127,0,0,0,1,0,0,0,0,0,1,0,0,0,0,1,0
2016-10-14 11:13:11,7.56919460964297,0.0168145063005887,20.72219356689343,0.0289579196915061,19.451632971207363,0.0120599399928849,0,0,0,1,0,0,0,0,0,1,0,0,0,0,0,0
2016-10-14 11:13:15,8.081817291853822,0.0177883942568155,21.806386619977783,0.0301108151900393,46.38818539211126,0.0310852749915681,0,0,0,1,0,0,0,0,0,1,0,0,0,0,0,0
2016-10-14 11:13:19,8.190684964094253,0.0178475560219528,23.120383106280748,0.0315577933071325,69.06564930606797,0.0471024081844839,0,0,0,1,0,0,0,0,0,1,0,0,0,0,0,0
2016-10-14 11:13:21,8.224168542975141,0.0178161320820317,23.061921978248268,0.0313119668777839,42.28721489202763,0.0281887522159489,0,0,0,1,0,0,0,0,0,0,1,0,0,0,0,0
2016-10-14 11:13:22,8.243588152287948,0.0177897311077015,24.54918661226833,0.0332849650080585,29.05890695053507,0.0188455747328005,0,0,0,1,0,0,0,0,0,0,1,0,0,0,0,0
2016-10-14 11:13:23,8.294046699374057,0.0178636012652533,24.79632379295406,0.0335492998936901,54.70878723451459,0.0369621309072322,0,0,0,1,0,0,0,0,0,0,1,0,0,0,0,0
2016-10-14 11:13:24,8.276511222013637,0.0177910243178922,28.775885165840453,0.0387408823255607,78.46272002809266,0.0537395759890057,0,0,0,1,0,0,0,0,0,1,0,0,0,0,0,0
2016-10-14 11:13:25,8.29674117560499,0.0178298679366941,28.601363372317955,0.0384628471019413,287.40556405680945,0.2013162792399762,0,0,0,1,0,0,0,0,0,0,1,0,0,0,0,0
2016-10-14 11:13:27,8.258938513201176,0.0177651030245366,28.662240466101732,0.0383975591002952,68.71954427867678,0.0468579535865846,0,0,0,1,0,0,0,0,0,1,0,0,0,0,0,0
2016-10-14 11:13:28,8.30212750457028,0.0178556771494768,28.61587368302513,0.038212339187139,112.63628972193054,0.0778764291900693,0,0,0,1,0,0,0,0,0,1,0,0,0,0,0,0
2016-10-14 11:13:29,8.309303845190229,0.0178708205915703,28.635904913026504,0.038166297840608,116.25662330163408,0.0804334772519211,0,0,0,1,0,0,0,0,0,1,0,0,0,0,0,0
2016-10-14 11:13:30,8.30212750457028,0.0178516080094365,29.679439500031773,0.0395230535273599,68.4373599208079,0.0466586462715298,0,0,0,1,0,0,0,0,0,1,0,0,0,0,0,0
2016-10-14 11:13:31,8.266152348849399,0.0177736739753171,29.82064922971754,0.039633784656918,35.18462732207694,0.0231721819524534,0,0,0,1,0,0,0,0,0,0,1,0,0,0,0,0
2016-10-14 11:13:32,8.111937366130933,0.0174432204964339,29.76696300233727,0.039497709824605,121.85951468362067,0.0843908094241261,0,0,0,1,0,0,0,0,0,0,1,0,0,0,0,0
2016-10-14 11:13:33,8.004220296377905,0.0172214066758475,33.454233165295165,0.0442186436308631,98.0339364979257,0.0675627610741675,0,0,0,1,0,0,0,0,0,1,0,0,0,0,1,0
2016-10-14 11:13:34,7.953175686319044,0.0171453724269277,33.687504854705956,0.0444383920542404,89.34505156044898,0.0614257861518601,0,0,0,1,0,0,0,0,0,1,0,0,0,0,1,0
2016-10-14 11:13:35,7.915439642915811,0.0170928093512142,33.816284413396076,0.0445370975677855,85.94475551342263,0.0590241509916318,0,0,0,1,0,0,0,0,0,1,0,0,0,0,1,0
2016-10-14 11:13:37,11.90952151950862,0.0256714884409942,34.4021776441573,0.0452306808610858,61.873652807107185,0.0420226882350259,0,0,0,1,0,0,0,0,0,1,0,0,0,0,1,0
2016-10-14 11:13:38,11.93951249259967,0.0257428564329717,34.226158884480114,0.0449875594949858,129.6295927705978,0.0898788294298321,0,0,0,1,0,0,0,0,0,1,0,0,0,0,1,0
2016-10-14 11:13:42,11.8017289894431,0.0255242995739251,34.513423147140934,0.0451326336974809,59.10445810027766,0.0400668010765369,0,0,0,1,0,0,0,0,0,0,1,0,0,0,1,0
2016-10-14 11:13:43,11.676089683671696,0.0252587275528207,34.304481145528385,0.0448398795706614,58.97873189999425,0.0399780004371259,0,0,0,1,0,0,0,0,0,1,0,0,0,0,1,0
2016-10-14 11:13:51,11.320212628658108,0.0244932418549689,36.93549931460438,0.0475250942404074,63.29636061990476,0.0430275492996777,0,0,0,1,0,0,0,0,0,0,1,0,0,0,1,0
2016-10-14 11:13:52,11.313353377788063,0.0244935287402401,36.45470010728533,0.0468636210003951,53.14902704063882,0.0358604695014812,0,0,0,1,0,0,0,0,0,1,0,0,0,0,1,0
2016-10-14 11:13:53,11.308124489241244,0.0244981452635245,36.743675050952646,0.0472128348302762,54.744130437449584,0.0369870938744767,0,0,0,1,0,0,0,0,0,1,0,0,0,0,1,0
2016-10-14 11:13:54,11.29998473496831,0.0245156176074718,39.366811667351136,0.0503184522889312,59.84277660394184,0.0405882767519851,0,0,0,1,0,0,0,0,0,1,0,0,0,0,1,0
2016-10-14 11:14:03,11.18377997733747,0.0245907078110542,51.635161119871654,0.0649594635937252,74.76932416022962,0.0511309239027678,0,0,0,1,0,0,0,0,0,1,0,0,0,0,1,0
2016-10-14 11:14:04,11.17336010203973,0.0245701948700544,52.87617205231819,0.066399980601361,63.499112111735286,0.0431707530398328,0,0,0,1,0,0,0,0,0,1,0,0,0,0,1,0
2016-10-14 11:14:05,11.186708818549745,0.0245951472467953,58.293634208270674,0.0729323304910839,63.62565019697556,0.0432601271150363,0,0,0,1,0,0,0,0,0,1,0,0,0,0,1,0
2016-10-14 11:14:06,11.83896130094459,0.026005927148017,58.28257921653296,0.0728354419303511,87.82147673423027,0.0603496825357983,0,0,0,1,0,0,0,0,0,1,0,0,0,0,1,0
2016-10-14 11:14:07,12.188838606837557,0.0267516290261063,58.2800362718136,0.072750581653912,129.904520185992,0.090073011153479,0,0,0,1,0,0,0,0,0,0,1,0,0,0,1,0
2016-10-14 11:14:08,12.421345840204722,0.0272276258049973,58.33241610667524,0.072695828611595,81.01585285478555,0.0555428582563485,0,0,0,1,0,0,0,0,0,1,0,0,0,0,1,0
2016-10-14 11:14:09,12.428430932048194,0.0272200270853185,58.41242634517414,0.0727943428785776,80.2833028112496,0.0550254568545732,0,0,0,1,0,0,0,0,0,1,0,0,0,0,1,0
2016-10-14 11:14:10,13.015730420347152,0.0284343388298327,67.79094944321602,0.0841016205797173,87.50227115444439,0.0601242270657003,0,0,0,1,0,0,0,0,0,1,0,0,0,0,1,0
2016-10-14 11:14:11,13.140817131215687,0.0286427664112863,67.83949512198181,0.0838228770747516,87.71637102878829,0.0602754461886571,0,0,0,1,0,0,0,0,0,1,0,0,0,0,1,0
2016-10-14 11:14:12,13.22983676715881,0.0288077789675148,74.51107266148595,0.0920603127618457,89.739174096703,0.0617041556018772,0,0,0,1,0,0,0,0,0,0,1,0,0,0,1,0
2016-10-14 11:14:13,13.233058068148829,0.0288165528133348,74.63063950200925,0.0921104198792144,111.29450521928358,0.0769287244036509,0,0,0,1,0,0,0,0,0,1,0,0,0,0,1,0
2016-10-14 11:14:14,13.20369566819794,0.0287789761334508,75.12135203102424,0.0924870925375787,92.20125274770535,0.063443126142594,0,1,1,0,0,0,0,0,0,0,1,0,0,0,1,0
2016-10-14 11:14:15,13.13635031413105,0.0286358219695272,81.36042496407231,0.0995409384215568,83.74368553106758,0.0574695313389196,0,1,1,0,0,0,0,0,0,0,1,0,0,0,1,0
2016-10-14 11:14:16,13.20680493209554,0.0287622963034503,83.75545717998712,0.1018726274060073,79.79611405405406,0.0546813545667821,0,1,0,1,0,0,0,0,0,0,1,0,0,0,0,0
2016-10-14 11:14:17,13.22012944020842,0.0287451136841073,83.9071386863646,0.1016716608757051,91.35556048530415,0.0628458121899186,0,0,1,0,0,0,0,0,1,0,0,0,0,1,0,0
2016-10-14 11:14:18,13.214856762240917,0.0286871499743348,85.39145803243946,0.1033847667850233,90.36921468917186,0.062149154395605,0,0,0,1,0,0,0,0,1,1,0,0,0,0,0,0
2016-10-14 11:14:19,13.216846902110348,0.0286462928346102,86.04395252845185,0.1042264734337347,81.92535443741231,0.0561852408456616,0,0,0,1,0,0,0,0,1,1,0,0,0,0,0,0
2016-10-14 11:14:20,13.285190399560706,0.0287709991376062,86.68596557733038,0.1049179668738166,111.19222731551086,0.0768564853378702,0,0,0,1,0,0,0,0,1,1,0,0,0,0,0,0
2016-10-14 11:14:21,13.271549855568065,0.0287204330196901,86.2274672457596,0.1044273804606801,184.6620465746835,0.1287483496661991,0,0,0,1,0,0,0,0,1,0,1,0,0,0,0,0
2016-10-14 11:14:22,13.3040969627907,0.0287857194260332,86.18267804350812,0.1043258121050058,161.84975680313084,0.1126359887296892,0,0,0,1,0,0,0,0,0,1,0,0,0,0,0,0
2016-10-14 11:14:23,13.279624522907874,0.0287187655996993,87.25279143445742,0.1053822895577548,124.91212309173277,0.0865468721851148,0,0,0,1,0,0,0,0,0,1,0,0,0,0,0,0
2016-10-14 11:14:24,13.303984089757568,0.028729819884267,87.72978056668855,0.1059395833530556,149.21559490495193,0.1037124576562057,0,0,0,1,0,0,0,0,0,1,0,0,0,0,0,0
2016-10-14 11:14:33,13.878749373567665,0.0295243846835501,85.79658746401975,0.1043009677363864,86.33941486380141,0.0593028995944223,0,0,0,1,0,0,0,0,0,1,0,0,0,0,0,0
2016-10-14 11:14:34,13.9879298176207,0.0296836365210896,86.06941040633716,0.1047501761074309,120.71204524387562,0.0835803497130697,0,0,0,1,0,0,0,0,0,0,1,0,0,0,0,0
2016-10-14 11:14:41,10.688504480536272,0.0226298943521226,86.32027507398362,0.1054055769203068,41.3571227409369,0.0275318264714199,0,1,0,0,0,0,1,0,0,1,0,0,0,0,0,0
2016-10-14 11:14:45,10.546063302645647,0.0224052777243596,87.89436917396513,0.1064067264980558,180.66561225036688,0.1259256609778964,0,0,0,1,0,0,0,0,1,0,0,1,0,0,0,0
2016-10-14 11:14:46,10.618443270410587,0.0225788127437786,87.76437589948455,0.106129111141827,70.75377028695814,0.048294731042951,0,0,1,0,0,0,0,0,0,0,1,0,0,0,0,0
2016-10-14 11:14:59,12.531698090492366,0.0262473590861934,83.82722409931435,0.1013497550603601,38.495234147543826,0.0255104694555919,0,0,1,0,0,0,0,0,0,0,1,0,0,0,1,1
2016-10-14 11:15:00,12.617550304381345,0.026386910180117,83.8567299153923,0.1011615449833438,57.36255641980184,0.0388364928140696,0,0,1,0,0,0,0,0,0,0,1,0,0,0,0,1
2016-10-14 11:15:01,12.667035816903605,0.0264398296379488,83.70000912975047,0.1005840766905437,90.7441793344916,0.0624139925930996,1,0,1,0,0,0,0,0,0,0,1,0,0,0,0,1
2016-10-14 11:15:02,12.677731895022829,0.0263943280454599,87.32287403233254,0.1047925656632943,55.8971141160723,0.0378014483022835,1,0,1,0,0,0,0,0,0,0,1,0,0,0,0,1
2016-10-14 11:15:03,12.763227599700262,0.0265319339199689,86.47109284438146,0.1036758774694771,69.7571436476035,0.0475908118707402,1,0,1,0,0,0,0,0,0,0,1,0,0,0,0,1
2016-10-14 11:15:04,12.923808030779886,0.0268121928062921,85.07863791511247,0.1020528400911968,90.54232325823271,0.0622714212865591,1,0,0,0,1,0,0,0,0,0,1,0,0,0,0,0
2016-10-14 11:15:05,12.967230399235154,0.0268636534486276,85.01080233397141,0.1019830849438485,109.1540452348376,0.0754169137005204,0,0,0,1,0,0,0,0,0,1,0,0,0,0,0,0
2016-10-14 11:15:06,12.132249981561188,0.0251182875209312,85.50541647358195,0.1026666560120554,104.02330278581928,0.0717930611614409,0,0,0,1,0,0,0,0,0,0,1,0,0,0,0,0
2016-10-14 11:15:07,12.184223484513607,0.0251983641085004,85.48067124235563,0.1026603506981006,107.97604979898588,0.0745848934239906,0,0,0,1,0,0,0,0,0,1,0,0,0,0,0,0
2016-10-14 11:15:08,12.15523500371041,0.0251335002985089,85.38987737642736,0.1024895384636924,120.56097944357867,0.0834736516689925,0,0,0,1,0,0,0,0,0,0,1,0,0,0,0,0
2016-10-14 11:15:09,12.107620492323075,0.0250305636540738,77.68831064979942,0.0931860814777568,104.78374371241088,0.0723301619436437,0,0,0,1,0,0,0,0,0,0,1,0,0,0,0,0
2016-10-14 11:15:10,11.484170838777615,0.0237691580372072,78.57890196758902,0.0945258376897895,123.50307630361768,0.0855516599265518,0,0,0,1,0,0,0,1,0,1,0,0,0,0,0,0
2016-10-14 11:15:11,11.277403773476143,0.0233617688480448,72.95607455606044,0.0881206774368961,117.61489999641904,0.0813928305030496,0,0,0,1,0,0,0,1,0,1,0,0,0,0,0,0
2016-10-14 11:15:12,11.38755665988404,0.0235857239820806,73.64983388460132,0.0889647904948536,102.1793968291744,0.0704907070968572,0,0,0,1,0,0,0,1,0,0,0,1,0,0,0,0
2016-10-14 11:15:13,12.387121138301538,0.0255734113822999,72.68323317505343,0.0880457801342039,105.1487315442365,0.0725879534999803,0,0,0,1,0,0,0,1,0,0,0,1,0,0,0,0
2016-10-14 11:15:14,12.682174937068185,0.0261099610021754,65.37845054128752,0.0794416348585367,87.49421974758586,0.0601185403426817,0,0,1,0,0,0,0,0,0,0,1,0,0,0,0,0
2016-10-14 11:15:15,12.667265381156591,0.0260208335527592,62.86503894622896,0.0769693614064354,115.290720743614,0.0797512585531333,0,0,1,0,0,0,0,0,0,0,1,0,0,0,0,0
2016-10-14 11:15:16,12.671892805557926,0.0259985379157131,62.14837225173727,0.0765450077327163,102.72767847535542,0.0708779594010581,0,0,0,1,0,0,0,0,0,1,0,0,0,0,0,0
2016-10-14 11:15:17,12.831278526482366,0.0263208285364653,59.94774585350849,0.0741165017098296,122.3396515855962,0.0847299309740029,0,0,0,1,0,0,0,0,0,1,0,0,0,0,0,0
2016-10-14 11:15:18,12.84984613847071,0.0263696529723778,59.96833610259765,0.0742109750708023,88.48546583750982,0.0608186592232368,0,0,0,0,0,1,0,0,0,1,0,0,0,0,0,0
2016-10-14 11:15:19,12.81908844342794,0.0263176826019011,59.16563717766301,0.0732128504462105,94.77698096242332,0.0652623675727831,0,1,0,0,0,0,1,0,0,1,0,0,0,0,0,0
2016-10-14 11:15:20,12.882047510286592,0.0264482313400103,59.35759418121127,0.0733434676714186,100.23937883239556,0.0691204689269737,0,0,0,1,0,0,0,0,1,1,0,0,0,0,0,0
2016-10-14 11:15:21,12.906600066142673,0.0265176596827366,59.96855395102986,0.0741132065138995,90.8236737461226,0.0624701396377611,0,0,0,1,0,0,0,0,1,1,0,0,0,0,0,0
2016-10-14 11:15:22,12.867779487362489,0.0264473909040694,58.099482260752715,0.0718560180154857,105.52778230682256,0.072855677729385,0,0,1,0,0,0,0,0,1,0,1,0,0,0,0,0
2016-10-14 11:15:23,12.833715153645707,0.0263782387283079,57.02828578364675,0.0707714479543672,82.47654205607817,0.0565745456434094,0,0,1,0,0,0,0,0,0,0,1,0,0,0,0,0
2016-10-14 11:15:24,12.828063649799327,0.0263863570976805,56.37367102217315,0.0699931766441881,52.82153142080477,0.0356291587613172,0,0,0,1,0,0,0,1,0,1,0,0,0,0,0,0
2016-10-14 11:15:26,12.790535142720564,0.0263484318415627,56.774703286993926,0.0703289072823391,106.89001907103192,0.0738178279846082,0,0,0,1,0,0,0,0,0,0,1,0,0,0,1,0
2016-10-14 11:15:27,12.81329409133933,0.0263965720308211,56.76492306547251,0.0703052991110007,117.84244336176756,0.0815535447876707,0,0,1,0,0,0,0,0,0,0,1,0,0,0,1,0
2016-10-14 11:15:28,12.87051288638989,0.0265187855038783,56.46652383940339,0.0700099935564338,90.71949029365138,0.0623965546795373,0,0,1,0,0,0,0,0,0,0,1,0,0,0,1,0
2016-10-14 11:15:29,12.813599122562906,0.0264239965401876,56.71012265482041,0.070254651270974,98.50362136165973,0.0678945003307999,0,0,0,1,0,0,0,0,0,1,0,0,0,0,1,0
2016-10-14 11:15:30,12.59889100927086,0.0260080558625837,56.79299353240258,0.0703722712808865,120.6885664353009,0.0835637665887142,0,0,0,1,0,0,0,0,0,1,0,0,0,0,1,0
2016-10-14 11:15:31,12.553749206853087,0.0259064661025414,56.55945207900394,0.0700110553746938,177.29499991501447,0.123544991476145,0,0,1,0,0,0,0,0,0,0,1,0,0,0,1,0
2016-10-14 11:15:32,12.397444653473707,0.02557351851709,56.95607991628623,0.0702996092671233,139.15324934955464,0.0966054050507885,0,0,1,0,0,0,0,0,1,0,0,0,0,1,1,0
2016-10-14 11:15:33,12.388685860235183,0.0255612644544161,56.326418545615766,0.0693698916219051,102.25857356110062,0.0705466297637769,0,0,0,1,0,0,0,0,1,1,0,0,0,0,1,0
2016-10-14 11:15:34,12.524068347577158,0.0258112366704315,56.08527044004365,0.0690369956605709,68.41878469798098,0.0466455265585303,0,0,0,1,0,0,0,0,1,1,0,0,0,0,1,0
2016-10-14 11:15:35,12.924757074040642,0.0266013955648991,56.5254531286547,0.0694474413206646,97.70240154193158,0.0673285973436722,0,0,0,1,0,0,0,0,1,0,1,0,0,0,1,0
2016-10-14 11:15:36,13.161785383237993,0.0270322575228632,56.1682491711951,0.0690482835968994,94.74692078241804,0.0652411360140526,0,0,0,1,0,0,0,0,0,1,0,0,0,0,1,0
2016-10-14 11:15:37,13.19174407485076,0.0270382345236953,56.1682491711951,0.0690292459891089,83.22346738369463,0.0571021003339598,0,0,0,1,0,0,0,0,0,1,0,0,0,0,1,0
2016-10-14 11:15:38,13.19174407485076,0.0270048360835991,56.288637619538704,0.0691553520369429,97.93764347106293,0.0674947491376184,0,0,0,1,0,0,0,0,0,1,0,0,0,0,1,0
2016-10-14 11:15:39,13.176328305013444,0.0269347545674438,55.95514365025236,0.0688343284723777,78.8083387018649,0.0539836870744768,0,0,0,1,0,0,0,0,0,0,1,0,0,0,1,0
2016-10-14 11:15:40,13.246143250278871,0.0270200212914055,56.858399101863554,0.0698264598211239,135.134115921896,0.0937666839453262,0,0,0,1,0,0,0,0,0,1,0,0,0,0,1,0
2016-10-14 11:15:41,13.23513096224749,0.0269443239770496,56.930040437604745,0.0697922820242341,84.84529958231361,0.0582476033073259,0,0,0,1,0,0,0,0,0,1,0,0,0,0,1,0
2016-10-14 11:15:42,13.606286836298256,0.0276422715087094,56.92893129672504,0.0697700015131453,107.3608045965174,0.074150344640598,0,0,0,1,0,0,0,0,0,0,1,0,0,0,1,0
2016-10-14 11:15:43,13.587447776781952,0.0275569446387515,56.0169005474129,0.0687785445570153,88.32124448338061,0.0607026693880335,0,0,0,1,0,0,0,0,0,0,1,0,0,0,1,0
2016-10-14 11:15:44,13.659371607761198,0.0276426808821096,55.71168504799449,0.0684015788942744,88.54706089296523,0.0608621639207197,0,0,0,1,0,0,0,0,0,0,1,0,0,0,1,0
2016-10-14 11:15:45,13.761679572869772,0.0278115665600531,56.03260316985241,0.0687243297044242,81.67424961016337,0.0560078850584937,0,0,0,1,0,0,0,0,0,0,1,0,0,0,1,0
2016-10-14 11:15:46,13.746367465986363,0.0277498438284983,56.23740137877778,0.0689598894245301,90.37791074074826,0.0621552964323372,0,0,0,1,0,0,0,0,0,0,1,0,0,0,1,0
2016-10-14 11:15:47,13.732774521899644,0.027720145551072,56.1722724675297,0.0689342129183061,108.38524036902632,0.074873905453135,0,0,0,1,0,0,0,0,0,0,1,0,0,0,1,0
2016-10-14 11:15:48,13.709316755614108,0.027678206046628,56.21470061957483,0.0690588391052352,96.92059559967548,0.066776406412815,0,0,0,1,0,0,0,0,0,1,0,0,0,0,1,0
2016-10-14 11:15:49,13.74578931665942,0.027746868454781,56.000769077999536,0.0689643482684537,103.12911692217928,0.0711614960917539,0,0,0,1,0,0,0,0,0,1,0,0,0,0,1,0
2016-10-14 11:15:50,13.683975791570772,0.0276378524863283,55.633778712371814,0.0686541033418888,66.11142339921594,0.0450158331595363,0,0,0,1,0,0,0,0,0,0,1,0,0,0,1,0
2016-10-14 11:15:51,13.710157533853495,0.0276938664832449,54.88251193170558,0.0679659590485518,91.13536614413776,0.0626902885341796,0,0,0,1,0,0,0,0,0,0,1,0,0,0,1,0
2016-10-14 11:15:52,13.759946982111554,0.0277903873065828,55.296727525246354,0.06843543517595,82.82042280626811,0.0568174292303559,0,0,0,1,0,0,0,0,0,0,1,0,0,0,1,0
2016-10-14 11:15:53,13.804347974095291,0.0278750640707676,55.87254988351741,0.0690522130702039,88.42207190526183,0.0607738839758683,0,0,0,1,0,0,0,0,0,0,1,0,0,0,1,0
2016-10-14 11:15:54,13.826495000888796,0.0279252467332288,56.23612370610824,0.0693296755869854,75.4305838834516,0.0515979728242056,0,0,0,1,0,0,0,0,0,0,1,0,0,0,1,0
2016-10-14 11:15:55,13.28119016147672,0.0268392116805181,55.81056823463064,0.0687012415880365,105.5473815853425,0.0728695207347462,0,0,0,1,0,0,0,0,0,0,1,0,0,0,1,0
2016-10-14 11:15:56,13.217308356608957,0.0267489444436377,56.13881914441527,0.0691208754628755,84.37205927112136,0.0579133528318149,0,0,0,1,0,0,0,0,0,0,1,0,0,0,1,0
2016-10-14 11:15:57,12.372729359280632,0.0250913159001381,53.05938972659011,0.0653017429904514,76.04615996658335,0.0520327553092006,0,0,0,1,0,0,0,0,0,0,1,0,0,0,1,0
2016-10-14 11:15:58,12.166205620117829,0.0247540673568416,51.87920409318824,0.063941682298034,81.57452215055459,0.0559374473759731,0,0,0,1,0,0,0,1,0,1,0,0,0,0,1,0
2016-10-14 11:15:59,12.492544930318816,0.0254425042476462,51.9135656452666,0.0641729584067817,62.35192997942823,0.0423604962545321,0,0,0,1,0,0,0,1,0,1,0,0,0,0,1,0
2016-10-14 11:16:00,12.712683800213712,0.0259060461918782,51.79301130112315,0.0642576947845164,83.64951361783282,0.0574030175487076,0,0,0,1,0,0,0,1,0,0,0,1,0,0,1,0
2016-10-14 11:16:01,12.662988290956529,0.025836384145233,45.595031635470185,0.056766501793018,124.08134429743892,0.0859600916415521,0,0,0,1,0,0,0,1,0,0,0,1,0,0,1,0
2016-10-14 11:16:02,12.615596234699089,0.025786436401258,45.77726016161681,0.0570211103609084,181.4890361995353,0.1265072467812344,1,0,1,0,0,0,0,1,0,0,1,0,0,0,1,0
2016-10-14 11:16:03,12.483141936661454,0.0255939582850192,45.724161707864944,0.0569771485456261,113.4092568969184,0.0784223772838468,1,0,0,0,1,0,0,0,0,0,1,0,0,0,1,0
2016-10-14 11:16:04,12.360804193817604,0.0254310072316247,43.491492348109865,0.0542011620662854,113.87973006553965,0.0787546733216265,1,0,0,0,1,0,0,0,0,0,1,0,0,0,1,0
2016-10-14 11:16:05,12.334116794124908,0.0254503276736078,40.35741669795935,0.0504032914706272,118.27827844789584,0.0818613758860311,0,0,0,1,0,0,0,0,0,1,0,0,0,0,1,0
2016-10-14 11:16:06,12.359493958368322,0.0255716423669082,40.23076173587854,0.0501855326205287,137.2004340997063,0.0952261281582464,0,0,0,1,0,0,0,0,0,1,0,0,0,0,1,0
2016-10-14 11:16:07,12.073360878145436,0.0250362925250723,40.200478281918045,0.050103809348447,148.21395378398572,0.1030049967466927,0,0,0,1,0,0,0,0,0,0,1,0,0,0,1,0
2016-10-14 11:16:08,13.55975184207822,0.0280962887217484,39.94044793855486,0.0497272659752129,102.81013760280211,0.0709362004297859,0,0,0,1,0,0,0,0,0,0,1,0,0,0,1,0
2016-10-14 11:16:09,13.5748384763414,0.0280962801410279,39.653004062126314,0.0494510719826813,101.96738700559304,0.0703409641804803,0,0,0,1,0,0,0,0,0,0,1,0,0,0,1,0
2016-10-14 11:16:10,14.35436959576554,0.0296478428321473,38.01396390380713,0.0474734121633963,94.6123391705854,0.0651460807816766,0,0,0,1,0,0,0,0,0,0,1,0,0,0,1,0
2016-10-14 11:16:11,14.66721569085335,0.0302403854701035,37.386342233507975,0.0466865755602902,173.77418095380494,0.121058230766755,0,0,0,1,0,0,0,1,0,1,0,0,0,0,1,0
2016-10-14 11:16:12,13.916381256562737,0.028647683707294,44.27589504818192,0.0550447388053479,143.36580535075046,0.0995807408647833,0,0,1,0,0,0,0,1,0,0,1,0,0,0,1,0
2016-10-14 11:16:13,13.903839830791387,0.0286595017346239,44.24926986782815,0.0546808981328203,137.57078895777812,0.0954877104547892,0,0,1,0,0,0,0,0,0,0,1,0,0,0,1,0
2016-10-14 11:16:14,13.805344897409816,0.0284971871587064,47.79241893806618,0.0589008430910124,173.82938203605227,0.1210972193895615,0,0,1,0,0,0,0,0,0,0,1,0,0,0,1,0
2016-10-14 11:16:15,13.80085115276624,0.0285254733033866,48.116062259352546,0.0590949906603892,160.32798621562412,0.1115611594506465,0,0,1,0,0,0,0,0,1,0,0,0,0,1,1,0
2016-10-14 11:16:16,13.85160160203052,0.0286620977286263,48.49850767446198,0.0593368104632129,168.68168018441807,0.1174613883941785,0,0,1,0,0,0,0,0,1,0,0,0,0,1,1,0
2016-10-14 11:16:17,13.955049150398828,0.0288709787522776,48.96059504486041,0.0598091677282271,137.0003238410177,0.0950847899257683,0,0,0,1,0,0,0,0,1,1,0,0,0,0,1,0
2016-10-14 11:16:18,13.971707260519732,0.0288875563986737,48.84399156272739,0.0595966058483146,127.99285234468002,0.0887227967489457,0,0,1,0,0,0,0,0,1,1,0,0,0,0,1,0
2016-10-14 11:16:19,14.037313537815216,0.0290165875555964,48.157449860058264,0.0586986700649172,140.8914178008828,0.097833076526853,0,0,0,1,0,0,0,0,1,0,1,0,0,0,1,0
2016-10-14 11:16:20,14.008562117053089,0.028975079955284,47.088841704034465,0.0575377199774422,145.7506900157952,0.101265189155593,0,0,0,1,0,0,0,0,0,1,0,0,0,0,1,0
2016-10-14 11:16:21,14.008562117053089,0.0289831060316582,46.84517936174292,0.0572783768589539,148.48287532117547,0.1031949365078562,0,0,0,1,0,0,0,0,0,1,0,0,0,0,1,0
2016-10-14 11:16:22,13.958299490174854,0.0288977685273809,46.80557761614713,0.057201885654812,127.85055046578783,0.0886222886781814,1,0,0,0,1,0,0,0,0,0,1,0,0,0,1,0
2016-10-14 11:16:23,13.95609534512299,0.0289039577402068,46.12317126101063,0.056399642167444,113.29553436980544,0.0783420548601968,0,0,0,1,0,0,0,0,0,1,0,0,0,0,1,0
2016-10-14 11:16:24,13.97475909347476,0.0289466568351748,46.202032055737256,0.056511401460042,120.32130171926856,0.0833043668650032,0,0,0,1,0,0,0,0,0,1,0,0,0,0,1,0
2016-10-14 11:16:25,13.962547759369446,0.0289331624827615,46.19844834151851,0.0565208905143239,97.05290729516184,0.0668698583992287,0,0,0,1,0,0,0,0,0,1,0,0,0,0,1,0
2016-10-14 11:16:26,13.988068390866044,0.0289841542427971,46.50088605768412,0.0568853807840607,83.49519036010713,0.0572940187566409,0,0,0,1,0,0,0,0,0,0,1,0,0,0,1,0
2016-10-14 11:16:27,14.53445875354754,0.0300736134191088,46.43636520642976,0.0568037001563042,98.8645869227605,0.0681494509501524,0,0,0,1,0,0,0,0,0,1,0,0,0,0,1,0
2016-10-14 11:16:28,14.8656928568949,0.0306974502552786,46.69976150847517,0.0570222243103811,134.26864436756466,0.0931553998434971,0,0,0,1,0,0,0,0,0,0,1,0,0,0,1,0
2016-10-14 11:16:29,15.352177851943376,0.0316587867432416,46.62041938378176,0.0568835320293226,102.47171585051412,0.0706971725427901,0,0,0,1,0,0,0,0,0,0,1,0,0,0,1,0
2016-10-14 11:16:30,15.383710411131664,0.0316888162805206,46.08420899230374,0.0562847866898894,147.0338223729462,0.1021714678270797,0,0,0,1,0,0,0,0,0,1,0,0,0,0,1,0
2016-10-14 11:16:31,15.900481592749689,0.0327152616565931,46.24816547226459,0.0565798642496599,120.66796399059608,0.0835492150452882,0,0,0,1,0,0,0,0,0,0,1,0,0,0,1,0
2016-10-14 11:16:32,15.89851498916247,0.0326861198425638,46.24816547226459,0.0566995697338612,141.1893899349296,0.0980435347763695,0,0,0,1,0,0,0,0,0,0,1,0,0,0,1,0
2016-10-14 11:16:33,15.817920818253937,0.0325193628156487,45.88249550087122,0.0564505922889108,160.6130515789254,0.1117625016249746,0,0,0,1,0,0,0,0,0,0,1,0,0,0,1,0
2016-10-14 11:16:34,15.446376700010244,0.0317965227032277,45.83919641247067,0.0564725067853186,162.04148806047905,0.1127714088585821,0,0,0,1,0,0,0,0,0,0,1,0,0,0,1,0
2016-10-14 11:16:35,15.274457624791411,0.0314785764589537,45.87210175118491,0.0565305076078288,130.70147009234,0.0906358982931737,0,0,0,1,0,0,0,0,0,1,0,0,0,0,1,0
2016-10-14 11:16:36,15.244733586176688,0.0314724866569932,46.531833958994746,0.0572322570110368,119.61120547839616,0.0828028246240808,0,0,0,1,0,0,0,0,0,1,0,0,0,0,1,0
2016-10-14 11:16:37,15.196850119838984,0.0314175620055141,47.23642671659048,0.0579311157947002,84.6023734283846,0.0580760241317052,0,0,0,1,0,0,0,0,0,1,0,0,0,0,1,0
2016-10-14 11:16:38,15.306403574881182,0.0316925544284404,47.14099155567722,0.0576278173113212,108.72074150922374,0.0751108705066043,0,0,0,0,0,1,0,0,0,1,0,0,0,0,1,0
2016-10-14 11:16:39,15.223355405712148,0.0315960158894012,48.25016012478152,0.0588336346080689,88.12509324998318,0.060564127422177,0,0,0,1,0,0,0,0,0,1,0,0,0,0,1,0
2016-10-14 11:16:40,15.221081811470128,0.0316297623564163,48.11284361713533,0.0587668510795441,103.59600833193376,0.0714912623268602,0,0,1,0,0,0,0,0,0,0,1,0,0,0,1,0
2016-10-14 11:16:41,15.196808974532862,0.0316075452331774,47.20978043154447,0.0577185160252986,75.86172116133882,0.0519024858522299,0,0,1,0,0,0,0,0,0,0,1,0,0,0,1,0
2016-10-14 11:16:42,14.946768866215551,0.0311340344162016,47.284352189225906,0.0577624508898061,95.769232860306,0.0659631968572927,0,0,1,0,0,0,0,0,0,0,1,0,0,0,1,0
2016-10-14 11:16:43,14.956285088570995,0.0312020942276438,47.407771799652984,0.057756094404902,116.03999024290904,0.0802804689363196,0,0,1,0,0,0,0,0,1,0,0,0,0,1,1,0
2016-10-14 11:16:44,14.921792121428975,0.0311672169893754,49.26400500907844,0.0600336295268923,117.33239122052822,0.0811932940509675,0,0,0,1,0,0,0,0,1,1,0,0,0,0,1,0
2016-10-14 11:16:45,14.737489729110075,0.0308198109277387,49.02750634156405,0.0598283323382567,90.24439209485227,0.0620609919746973,0,0,1,0,0,0,0,0,1,1,0,0,0,0,1,0
2016-10-14 11:16:46,14.757148691396994,0.0308949740018304,49.07125342291483,0.0599061656628842,92.24484730577866,0.0634739170566837,0,0,0,1,0,0,0,0,1,0,1,0,0,0,1,0
2016-10-14 11:16:47,14.649999916675554,0.0307030340661611,48.66531611385813,0.0594515862810942,104.30498658591831,0.0719920149316505,0,0,0,1,0,0,0,0,1,1,0,0,0,0,1,0
2016-10-14 11:16:48,14.655206769241394,0.0307534097453785,48.795606680364656,0.05958097764726,121.2633394974676,0.083969729827256,0,0,0,1,0,0,0,0,1,1,0,0,0,0,1,0
2016-10-14 11:16:49,14.683551663447266,0.0308274305165422,49.152163721101665,0.0598739129563568,92.774149083306,0.0638477638458162,0,0,0,1,0,0,0,0,1,1,0,0,0,0,1,0
2016-10-14 11:16:50,14.677315285309334,0.030829888927501,48.96208295599355,0.059521127077563,125.16625563667066,0.0867263664546843,0,0,0,1,0,0,0,0,1,0,1,0,0,0,1,0
2016-10-14 11:16:51,14.713397630194692,0.0309127259910804,49.208192910516395,0.0595685353732296,95.93636290256607,0.0660812411041086,0,0,0,1,0,0,0,0,1,0,1,0,0,0,1,0
2016-10-14 11:16:52,14.835266901642475,0.0311393625521404,48.87692873532109,0.0591722245460875,110.57939109852184,0.0764236380252166,0,0,0,0,0,1,0,0,0,1,0,0,0,0,1,0
2016-10-14 11:16:53,14.874043922793408,0.0312045111964764,48.39653005220261,0.0585934828962351,155.04667702668166,0.1078309613547209,0,0,0,0,0,1,0,0,0,1,0,0,0,0,1,0
2016-10-14 11:16:55,14.9576734363639,0.0313218998207159,47.716013638612154,0.0578173418192559,93.47055448720042,0.0643396362241724,0,0,0,1,0,0,0,0,0,1,0,0,0,0,1,0
2016-10-14 11:16:56,15.016724481728906,0.0314348409943959,48.2995710366168,0.0584897388989978,92.93848201241391,0.0639638324866259,0,0,0,1,0,0,0,0,0,1,0,0,0,0,1,0
2016-10-14 11:16:57,15.027336724074305,0.0314405122784208,47.7025486355645,0.0578441572138616,108.15786358884922,0.0747133088279175,0,0,0,1,0,0,0,0,0,1,0,0,0,0,1,0
2016-10-14 11:16:58,15.095761527318016,0.0315450007427548,47.74237738233617,0.0579893439397558,121.89854802390086,0.0844183787419566,0,0,0,1,0,0,0,0,0,1,0,0,0,0,1,0
2016-10-14 11:16:59,14.788477113391066,0.0309154987099912,47.731972380901546,0.0581249861436997,141.3989897771686,0.0981915755186277,0,0,0,1,0,0,0,0,0,0,1,0,0,0,1,0
2016-10-14 11:17:00,14.773647917309413,0.0308961038691566,47.42747076901309,0.0579104404678247,122.4533087246248,0.0848102072139323,0,0,0,1,0,0,0,0,0,1,0,0,0,0,1,0
2016-10-14 11:17:01,14.763092954195566,0.0309114312543147,48.124955302516334,0.0587164043019798,128.29454184110662,0.0889358805781385,0,0,0,1,0,0,0,0,0,1,0,0,0,0,1,0
2016-10-14 11:17:02,14.783750036331064,0.0309798210957687,48.11834930659603,0.0586499510405626,102.81131820731268,0.0709370342928566,0,0,0,1,0,0,0,0,0,1,0,0,0,0,1,0
2016-10-14 11:17:03,14.80900530636359,0.0310303776452361,47.933011791652255,0.0583831144080295,117.7210758605638,0.0814678227051906,0,0,0,1,0,0,0,0,0,0,1,0,0,0,1,0
2016-10-14 11:17:04,14.752753566469169,0.0309485444224785,47.86193581650252,0.058381669109676,128.89520607256105,0.0893601307957083,0,0,0,1,0,0,0,0,0,0,1,0,0,0,1,0
2016-10-14 11:17:05,14.726873338894572,0.030892745633465,48.31490263914608,0.0590503188594462,125.62898319870445,0.087053191756722,0,0,0,1,0,0,0,0,0,0,1,0,0,0,1,0
2016-10-14 11:17:06,14.792377062591694,0.0310107647609895,48.40104566868471,0.0592282313065876,155.31925783857145,0.108023485668129,0,0,0,1,0,0,0,0,0,0,1,0,0,0,1,0
2016-10-14 11:17:07,14.134203047953614,0.029677962082723,47.966362676457,0.0588434181898882,155.59133742591507,0.1082156559657466,0,0,0,1,0,0,0,0,0,0,1,0,0,0,1,0
2016-10-14 11:17:08,13.451346427147172,0.0283280534295732,47.46643134390484,0.0582763496681097,116.11331108116492,0.0803322555750997,0,0,0,1,0,0,0,0,0,1,0,0,0,0,1,0
2016-10-14 11:17:09,13.10311613045725,0.0276633394459927,47.63950865098671,0.0584046240440254,153.733342924348,0.1069033511367666,0,0,1,0,0,0,0,0,0,1,0,0,0,0,1,0
2016-10-14 11:17:10,12.301992984924624,0.0260591530582228,47.98286398785844,0.0587530516277153,106.92374681065284,0.0738416499472339,0,0,0,1,0,0,0,0,0,0,1,0,0,0,1,0
2016-10-14 11:17:12,11.968558303829676,0.025512992356225,46.892657309829374,0.0570926905097051,122.29132711612884,0.0846957993150629,0,0,0,1,0,0,0,0,0,1,0,0,0,0,1,0
2016-10-14 11:17:13,11.76894444189803,0.0251549840335348,55.32046752174346,0.0675859769912294,84.2393391736671,0.0578196123903631,0,0,0,1,0,0,0,0,0,1,0,0,0,0,1,0
2016-10-14 11:17:14,11.742115506299063,0.0251419188702381,55.17121992883985,0.0674245758680438,45.801211323099,0.0306706941601388,0,0,0,1,0,0,0,0,0,1,0,0,0,0,1,0
2016-10-14 11:17:15,11.739077422042293,0.025173869237197,55.03528753793212,0.0673388190990195,36.520366157132656,0.0241156166730736,0,0,0,1,0,0,0,0,0,1,0,0,0,0,1,0
2016-10-14 11:17:16,11.51997142324612,0.0247409586734049,55.866549845461826,0.0682799178255773,64.98833496644481,0.0442225937971733,0,0,0,1,0,0,0,0,0,1,0,0,0,0,1,0
2016-10-14 11:17:17,11.344332446233462,0.0244165434682056,56.38444633501691,0.0688363568909878,59.17731948637722,0.0401182632034399,0,0,0,1,0,0,0,0,0,0,1,0,0,0,1,0
2016-10-14 11:17:18,11.32691475552934,0.0244224293078658,56.66656692910056,0.069212859052539,109.95935613350753,0.0759857062239984,0,0,0,1,0,0,0,0,0,1,0,0,0,0,1,0
2016-10-14 11:17:19,11.125226382253228,0.0240248870288357,56.85279832057419,0.0695592317144796,139.05647146343054,0.0965370506572787,0,0,0,1,0,0,0,0,0,1,0,0,0,0,1,0
2016-10-14 11:17:21,11.10793568581298,0.0240155979746544,56.30055192535632,0.0691111391980528,64.36681812596188,0.0437836153446697,0,0,0,1,0,0,0,1,0,1,0,0,0,0,1,0
2016-10-14 11:17:22,11.134860201790117,0.0240897260508969,56.50807811245006,0.0693658857451646,94.76163296388069,0.0652515272540493,0,0,0,1,0,0,0,1,0,0,0,1,0,0,1,0
2016-10-14 11:17:23,11.1232326736176,0.0240940629639412,57.14814676294998,0.069993909308473,58.33813409093688,0.0395255450624997,0,0,0,1,0,0,0,1,0,0,0,1,0,0,1,0
2016-10-14 11:17:24,11.12057383942792,0.0241039922740758,57.15382495331254,0.0699447091272391,130.47250022911945,0.0904741764705624,0,0,1,0,0,0,0,1,0,0,1,0,0,0,1,0
2016-10-14 11:17:25,11.086284392431724,0.0240386718081949,56.92143446758384,0.069734347860502,169.65382838669086,0.1181480184026369,0,0,1,0,0,0,0,0,1,0,0,0,0,1,1,0
2016-10-14 11:17:26,10.879260940996666,0.0236047549521084,57.25281293789167,0.0701381909361555,189.24262176495463,0.1319836180895604,0,0,0,1,0,0,0,0,1,1,0,0,0,0,0,0
2016-10-14 11:17:27,10.410639657649778,0.0226308131104988,57.52734635086579,0.0704029762842769,106.83187280318649,0.0737767591719629,0,1,1,0,0,0,0,0,0,0,1,0,0,0,0,0
2016-10-14 11:17:28,9.3539270123373,0.0204058022335459,57.87443217398797,0.0708347041157584,149.12630260468973,0.1036493903453359,0,1,0,1,0,0,0,0,0,0,1,0,0,0,0,0
2016-10-14 11:17:29,9.208491659391116,0.0201442231072122,57.5056375690071,0.0704477761285115,176.1961457328845,0.1227688688082158,0,1,0,1,0,0,0,0,0,0,1,0,0,0,0,0
2016-10-14 11:17:30,8.60321561350082,0.0188782195822282,57.93813623113075,0.0708848190567682,169.06905853693866,0.1177349944152007,0,0,1,0,0,0,0,0,0,0,1,0,0,0,0,0
2016-10-14 11:17:31,8.341572112892587,0.0183544460256465,57.94190824149148,0.070837261626128,179.21909905935695,0.1249039861321718,0,0,1,0,0,0,0,0,0,0,1,0,0,0,0,0
2016-10-14 11:17:32,8.343753657536652,0.0183954801804288,57.77263375489846,0.0706811614287289,174.665853184461,0.1216880204529841,0,0,0,1,0,0,0,0,1,1,0,0,0,0,0,0
2016-10-14 11:17:33,8.274192179861732,0.0182795396590219,58.10979974813769,0.0709902719569332,162.99834281155623,0.1134472370751952,0,0,0,1,0,0,0,0,1,1,0,0,0,0,0,0
2016-10-14 11:17:34,8.203160229451768,0.0181523543036021,58.04411625856158,0.0708961255299749,137.58998388853792,0.0955012678686065,0,0,0,1,0,0,0,0,1,0,0,1,0,0,0,0
2016-10-14 11:17:35,8.185526588617643,0.0181493103209985,58.57260993788109,0.0714727348690252,137.79971202790057,0.0956493992273519,0,0,0,1,0,0,0,0,1,0,0,1,0,0,0,0
2016-10-14 11:17:36,8.158212341447202,0.0181317686493791,57.74187210635484,0.0704626401174172,127.0935004737215,0.0880875829190794,1,0,1,0,0,0,0,0,1,0,1,0,0,0,0,0
2016-10-14 11:17:37,8.0293099258765,0.0178861292702534,57.75544544157226,0.070616807321994,171.6373484669202,0.1195489821716192,1,0,0,0,1,0,0,0,0,0,1,0,0,0,0,0
2016-10-14 11:17:38,7.767858092328014,0.0173341098714731,57.75035581471779,0.0707498579246933,137.58635129219192,0.095498702159331,1,0,0,0,1,0,0,0,0,0,1,0,0,0,0,0
2016-10-14 11:17:39,7.78629813748651,0.0174112198757125,56.07905373344989,0.0688096488080307,154.04722771662173,0.1071250485251586,1,0,0,0,1,0,0,0,0,0,1,0,0,0,0,0
2016-10-14 11:17:40,7.630486661141297,0.017090934962867,55.83079769408603,0.0685767121517711,181.0990162032336,0.1262317749624998,0,0,0,1,0,0,0,0,0,1,0,0,0,0,0,0
2016-10-14 11:17:41,7.572413585974647,0.017013009168294,55.751651865280245,0.0685083704430881,139.93990308751526,0.0971610199883947,0,0,0,1,0,0,0,0,0,1,0,0,0,0,0,0
2016-10-14 11:17:42,7.508231433275493,0.0169017735439831,55.56152404589192,0.0683190543942736,122.52889165912758,0.0848635915753246,0,1,0,1,0,0,0,0,0,0,1,0,0,0,0,0
2016-10-14 11:17:43,7.51249572433959,0.0169372987300656,53.85243173800243,0.0665317007806125,156.5408331750056,0.1088862865061365,0,0,1,0,0,0,0,0,0,0,1,0,0,0,0,0
2016-10-14 11:17:44,7.460513307215998,0.0168490679361723,53.88238320577436,0.0666012799902252,164.342224234575,0.1143964229202107,0,0,0,1,0,0,0,0,0,1,0,0,0,0,0,0
2016-10-14 11:17:45,7.4954240038734845,0.0169579950622806,53.87413911865475,0.0666443575462841,164.68513953729556,0.1146386246098883,0,0,0,1,0,0,0,0,0,1,0,0,0,0,0,0
2016-10-14 11:17:46,7.432052445684898,0.0168418737579669,53.642870913726384,0.0664404419851659,118.79961643618824,0.0822295978366288,0,0,0,1,0,0,0,0,0,1,0,0,0,0,0,0
2016-10-14 11:17:47,7.500647999591312,0.0170042364156777,53.86407477291747,0.0667223142561684,114.74576719963524,0.0793663568934514,0,0,0,1,0,0,0,0,0,0,1,0,0,0,0,0
2016-10-14 11:17:48,7.387243305931131,0.0167528709433013,53.75056912697209,0.0666111131744584,111.8107200948154,0.0772933278905721,0,0,0,1,0,0,0,0,0,0,1,0,0,0,0,0
2016-10-14 11:17:49,7.350023476149858,0.0166953270416947,53.77353236928625,0.0666919242661795,122.51998910972712,0.0848573036888111,0,0,0,1,0,0,0,0,0,0,1,0,0,0,0,0
2016-10-14 11:17:50,7.377195559487133,0.0167798154800401,54.3138857516317,0.0675657454318369,118.41517962134436,0.0819580694289119,0,0,1,0,0,0,0,0,0,1,0,0,0,0,0,0
2016-10-14 11:17:51,6.977089340254456,0.015890515804229,53.75578786208967,0.0669615030299491,108.32044276515566,0.0748281387899969,0,0,0,1,0,0,0,0,0,1,0,0,0,0,0,0
2016-10-14 11:17:52,7.248672116139228,0.0165298804244044,54.061139414569105,0.0672931352302777,189.36582941858077,0.1320706398749771,0,0,0,1,0,0,0,0,0,1,0,0,0,0,0,0
2016-10-14 11:17:53,7.221534326089697,0.0164795140792906,53.83775307585458,0.0670172746505233,92.0664442373814,0.063347910651409,0,0,0,0,0,1,0,0,0,1,0,0,0,0,0,0
2016-10-14 11:17:54,7.092200496269098,0.0161875345441331,53.798085587807485,0.0671121592674877,76.8377995656249,0.0525918917693773,0,0,0,1,0,0,0,0,0,1,0,0,0,0,0,0
2016-10-14 11:17:55,7.192831964187615,0.0164247023014511,53.45201623435536,0.0667748075995655,155.82629376943746,0.1083816060500681,0,0,0,1,0,0,0,0,0,1,0,0,0,0,0,0
2016-10-14 11:18:00,7.472760932730558,0.0170747965547096,52.62171536208788,0.0658124927094362,95.60273719945592,0.0658456006751977,0,0,0,1,0,0,0,0,0,0,1,0,0,0,1,0
2016-10-14 11:18:01,7.567201124013771,0.0172638312509862,52.74500467662261,0.0660624345080501,131.1560362601983,0.0909569591879548,0,0,0,0,0,1,0,0,0,1,0,0,0,0,1,0
2016-10-14 11:18:08,8.726016568702924,0.0195693240090077,69.46939632672293,0.0863578092106527,99.7424086369304,0.068769457991894,0,0,0,1,0,0,0,0,0,1,0,0,0,0,1,0
2016-10-14 11:18:13,10.11593515561273,0.0224280367375335,56.0982245995598,0.0709342166350292,110.07351653413112,0.0760663379184896,0,0,1,0,0,0,0,0,0,1,0,0,0,0,1,0
2016-10-14 11:18:14,10.227096761608973,0.0226137509482741,56.12088679567593,0.0710575432195018,72.36872510309021,0.0494353765088052,0,0,0,1,0,0,0,0,0,0,1,0,0,0,1,0
2016-10-14 11:18:15,10.897611308939512,0.0240134384083522,54.93468596882565,0.0696054606867014,67.65321302904641,0.0461048019238633,0,0,0,1,0,0,0,0,0,0,1,0,0,0,1,0
2016-10-14 11:18:16,10.904957188647268,0.0239620452787182,54.159498062115155,0.0687184092046031,66.82035813798421,0.0455165550294518,0,0,0,1,0,0,0,0,0,1,0,0,0,0,1,0
2016-10-14 11:18:19,11.228345587347508,0.0245335894463488,54.25400173352711,0.0690386119707971,59.20636697381749,0.0401387794956062,0,0,0,1,0,0,0,0,0,0,1,0,0,0,1,0
2016-10-14 11:18:20,11.531328784322795,0.0251260244370768,54.52411308637847,0.069223367983814,86.22418099743729,0.0592215097091648,0,0,0,1,0,0,0,0,0,1,0,0,0,0,1,0
2016-10-14 11:18:28,11.952921547747705,0.0256349443081402,56.45601199775011,0.0707349820928116,105.30401679263706,0.0726976317477757,0,0,0,1,0,0,0,0,0,1,0,0,0,0,1,0
2016-10-14 11:18:29,11.960399134683486,0.0255853489675495,57.42450532045611,0.0717187648774824,98.5115881772792,0.0679001273068756,0,0,0,1,0,0,0,0,0,1,0,0,0,0,1,0
2016-10-14 11:18:30,11.96573460565198,0.0255082177154105,59.25709289212801,0.0739774494313116,112.12549666902164,0.077515655146133,0,0,0,1,0,0,0,0,0,1,0,0,0,0,1,0
2016-10-14 11:18:31,11.998323478629358,0.02552786713726,59.25350429157025,0.0739297061050881,112.24602936873409,0.0776007876068315,0,0,0,1,0,0,0,0,0,1,0,0,0,0,1,0
2016-10-14 11:18:32,12.010834115966448,0.0255130710517454,59.42198771901083,0.0740013565401049,108.12385034050747,0.0746892852099733,0,0,0,1,0,0,0,0,0,1,0,0,0,0,0,0
2016-10-14 11:18:33,12.094439834553908,0.0256278446809519,61.91443300815263,0.0769359834160039,184.361968101784,0.1285364037057957,0,0,0,1,0,0,0,0,0,1,0,0,0,0,0,0
2016-10-14 11:18:34,12.093188146081262,0.0255643773796969,61.16808792636669,0.075986431469598,131.26756231481917,0.0910357302391676,0,0,0,1,0,0,0,0,0,1,0,0,0,0,0,0
2016-10-14 11:18:35,12.254835710960853,0.0258606921404422,61.74059183494755,0.0766914254532569,124.4742436044209,0.0862375971225535,0,0,0,1,0,0,0,0,0,1,0,0,0,0,0,0
2016-10-14 11:18:36,12.295383387138392,0.025873787714549,62.45744902800019,0.0775000926433769,145.86283877515214,0.1013444000242711,0,0,0,1,0,0,0,0,0,0,1,0,0,0,0,0
2016-10-14 11:18:37,12.342451968935052,0.0259081853844381,66.08421075738984,0.0815808731281478,174.05904815141312,0.1212594329763008,0,0,0,1,0,0,0,0,0,1,0,0,0,0,0,0
2016-10-14 11:18:38,12.331629729961689,0.0258211946685044,71.58431525543999,0.0882743913293336,155.43330591380263,0.1081040380269953,0,0,0,1,0,0,0,0,0,0,1,0,0,0,0,0
2016-10-14 11:18:39,12.391189004345234,0.0258545331815634,71.55949115218208,0.0881777705756199,94.13460438384377,0.0648086558500721,0,0,0,1,0,0,0,0,0,1,0,0,0,0,0,0
2016-10-14 11:18:43,12.6748364226508,0.026092737185514,74.50045834826314,0.0906407490511119,47.166681198508904,0.031635127967567,0,0,0,1,0,0,0,0,0,1,0,0,0,0,1,0
2016-10-14 11:18:44,12.823356290641568,0.0262776157021815,75.27594488648816,0.0912604393868658,56.01752152821732,0.0378864922721497,0,0,0,1,0,0,0,0,0,1,0,0,0,0,1,0
2016-10-14 11:19:21,18.04256919924526,0.0360525935480909,74.60059126375278,0.0883176152419703,31.23389660586305,0.0203817738040362,0,0,0,1,0,0,0,0,0,0,1,0,0,0,1,0
2016-10-14 11:19:25,18.07054375291695,0.0360617762201606,74.01613896044576,0.0877595106827658,30.11041881721438,0.0195882594389227,0,0,0,1,0,0,0,0,0,1,0,0,0,0,1,0
2016-10-14 11:19:38,18.704818871160487,0.0374212100566288,59.728526982728525,0.0722674379109275,76.30099416436552,0.0522127451574249,0,0,0,1,0,0,0,0,0,0,1,0,0,0,1,0
2016-10-14 11:19:41,19.34468902091427,0.0386906375026847,56.82646565786488,0.0691963048894218,56.26122032955892,0.0380586171700154,0,0,0,1,0,0,0,1,0,1,0,0,0,0,1,0
2016-10-14 11:19:42,19.355457239495557,0.0387658074680816,56.35424379575571,0.0686929812252422,84.00158147819378,0.0576516837061643,0,0,0,1,0,0,0,1,0,1,0,0,0,0,1,0
2016-10-14 11:19:43,19.422210726975536,0.0389248814139049,55.782556361203184,0.0681817203491392,71.75639811638824,0.0490028888664112,0,0,1,0,0,0,0,0,0,0,1,0,0,0,1,0
2016-10-14 11:19:44,19.31483800740588,0.038751404874525,56.267220015916,0.0689127096031744,71.68755812755693,0.0489542670595684,0,0,0,1,0,0,0,0,0,0,1,0,0,0,1,0
2016-10-14 11:19:45,19.36704708683138,0.0388523459427267,54.7844164249289,0.067249814381836,76.31503779213446,0.0522226641967558,1,0,1,0,0,0,0,0,0,0,1,0,0,0,1,0
2016-10-14 11:19:46,19.409415168678475,0.0389373407984459,45.25464544555722,0.0557804709612138,72.86681079856746,0.0497871753235323,1,0,1,0,0,0,0,0,0,0,1,0,0,0,1,0
2016-10-14 11:19:47,19.382765080732472,0.0388870521995886,45.91024808879961,0.0566558360884776,77.73310201065628,0.0532242454824918,1,0,0,0,1,0,0,0,0,0,1,0,0,0,1,0
2016-10-14 11:19:48,19.392685670875473,0.0389133089786926,45.94438210696397,0.0567561907783913,88.99856476427985,0.0611810619099923,0,0,0,1,0,0,0,0,0,1,0,0,0,0,1,0
2016-10-14 11:19:49,19.38710596356411,0.0389256316204434,45.73627977976057,0.0566293112206879,73.83752117212389,0.0504727897910049,0,0,0,1,0,0,0,0,0,1,0,0,0,0,1,0
2016-10-14 11:19:50,19.323964042796817,0.0388261339739506,46.046490485222925,0.0570171067227964,76.40012502555545,0.0522827614614187,0,0,0,1,0,0,0,0,0,1,0,0,0,0,1,0
2016-10-14 11:19:51,19.280369074561133,0.0387531160854187,45.82594213750576,0.056751431512905,93.67253815062,0.0644822976457519,0,0,0,1,0,0,0,0,0,1,0,0,0,0,1,0
2016-10-14 11:19:52,19.230472122244777,0.0386826049618425,45.59220503577648,0.056487349714418,111.84145554253564,0.0773150363920936,0,0,0,1,0,0,0,0,0,1,0,0,0,0,1,0
2016-10-14 11:19:54,19.264536335699653,0.0387379192790828,46.480934926524824,0.0573124941012504,88.71166318898976,0.0609784228158628,0,0,0,1,0,0,0,0,0,0,1,0,0,0,1,0
2016-10-14 11:19:55,19.265155127519797,0.038732877603041,53.84842886332961,0.0659642818317382,114.33848757082129,0.0790786945655021,0,0,0,1,0,0,0,0,0,1,0,0,0,0,1,0
2016-10-14 11:19:56,19.176381587210233,0.0385504093159328,54.61160129588254,0.066737335501819,97.32120114217462,0.0670593548217012,0,0,0,1,0,0,0,0,0,1,0,0,0,0,1,0
2016-10-14 11:19:57,19.184529170762588,0.038558587858669,53.28968427568411,0.0649679601887945,114.70172011145873,0.079335246356543,0,0,0,1,0,0,0,0,0,0,1,0,0,0,1,0
2016-10-14 11:19:58,19.19455221822998,0.0385617032056911,52.03155486940682,0.063313302344021,89.19264509733162,0.0613181411952426,0,0,0,1,0,0,0,0,0,1,0,0,0,0,1,0
2016-10-14 11:19:59,19.032076363258113,0.0382396668222825,52.11549401756785,0.0632291465892138,100.20746031522378,0.0690979248213894,0,0,0,1,0,0,0,0,0,0,1,0,0,0,1,0
2016-10-14 11:20:00,16.487718577523136,0.033172484454232,52.8590608164549,0.0639941778954026,84.92805360364619,0.058306052620131,0,0,0,1,0,0,0,0,0,1,0,0,0,0,1,0
2016-10-14 11:20:01,14.618545171603332,0.0295387961569252,55.51227897316198,0.0672172005799271,82.29273032155834,0.0564447190876095,0,0,0,1,0,0,0,0,0,0,1,0,0,0,1,0
2016-10-14 11:20:02,14.5317537631787,0.0294257708748908,55.54823610805395,0.0672732407729327,93.03817537260106,0.0640342460846643,0,0,0,1,0,0,0,0,0,1,0,0,0,0,1,0
2016-10-14 11:20:03,14.7026802178171,0.0297829879726854,54.77559094365844,0.0666176131429837,94.67974806314795,0.0651936918026734,0,0,0,1,0,0,0,0,0,0,1,0,0,0,1,0
2016-10-14 11:20:04,14.6629576795108,0.0297517293647218,54.87211039356681,0.0668067363129076,91.93150795700704,0.0632526049160096,0,0,0,1,0,0,0,0,0,1,0,0,0,0,1,0
2016-10-14 11:20:05,14.487755080567274,0.0294287383614371,54.49737525632312,0.0664948007764901,94.55586550711864,0.065106193332486,0,0,0,1,0,0,0,0,0,0,1,0,0,0,1,0
2016-10-14 11:20:06,14.4834022791529,0.0294745305259987,54.64170445812307,0.0666303985457834,85.93433307820298,0.0590167896070546,0,0,0,1,0,0,0,0,0,1,0,0,0,0,1,0
2016-10-14 11:20:07,14.351106031039782,0.0292353032897796,54.92941015919195,0.0669397337499171,83.39266261675277,0.0572216032287183,0,0,0,1,0,0,0,0,0,0,1,0,0,0,1,0
2016-10-14 11:20:08,14.365652419153966,0.0292716188843774,54.77414666872626,0.0668561859793402,81.84012297986644,0.0561250417152421,0,0,0,1,0,0,0,0,0,1,0,0,0,0,1,0
2016-10-14 11:20:09,14.238628764684316,0.0290165801724953,55.00555646167511,0.0671507603315772,77.45377113150566,0.053026953584543,0,0,0,1,0,0,0,0,0,0,1,0,0,0,1,0
2016-10-14 11:20:10,14.20371313257508,0.0289506211940602,55.088931346995096,0.0672141249947047,93.61808807350832,0.0644438394592117,0,0,0,1,0,0,0,0,0,0,1,0,0,0,1,0
2016-10-14 11:20:11,14.106551183267902,0.0287685400473945,56.55707851441995,0.0688694000962716,92.4588594155981,0.0636250741914004,0,0,0,1,0,0,0,0,0,0,1,0,0,0,1,0
2016-10-14 11:20:12,13.75148613262081,0.0280645875057348,56.39654309084847,0.0685890015151487,74.27088395879379,0.0507788746998502,0,0,0,1,0,0,0,0,0,0,1,0,0,0,1,0
2016-10-14 11:20:13,12.777555171773376,0.026123831328548,56.37117215074305,0.0685180139936966,84.59194822345476,0.0580686607908767,0,0,0,1,0,0,0,0,0,0,1,0,0,0,1,0
2016-10-14 11:20:14,12.595478062977907,0.0257724905042351,56.58937852898223,0.0687373834423671,94.14958488232958,0.0648192366028606,0,0,0,1,0,0,0,0,0,1,0,0,0,0,1,0
2016-10-14 11:20:15,12.411674750410734,0.0254298607242693,59.12673982045739,0.0716030595210982,102.34150876607708,0.0706052070469127,0,0,0,1,0,0,0,0,0,0,1,0,0,0,1,0
2016-10-14 11:20:16,12.384878880697071,0.0253700072338671,59.247586250767675,0.0717982583677942,100.0919825456286,0.0690163626668449,0,0,0,1,0,0,0,0,0,1,0,0,0,0,1,0
2016-10-14 11:20:17,12.027853798487522,0.0246450665629917,60.36612490335935,0.0730873903690565,102.59617710009384,0.0707850797452638,0,0,0,1,0,0,0,0,0,1,0,0,0,0,1,0
2016-10-14 11:20:18,11.4553054318504,0.0234807009252269,62.53358150695921,0.0754549609337737,92.99727279117396,0.0640053565184792,0,0,0,1,0,0,0,0,0,0,1,0,0,0,1,0
2016-10-14 11:20:19,11.473025582349372,0.0235248344208312,62.29345312714489,0.0749667585633153,83.45560975474812,0.0572660629045096,0,0,0,1,0,0,0,0,0,0,1,0,0,0,1,0
2016-10-14 11:20:20,11.417475651738208,0.0234321220034768,63.83559503788446,0.076886784685494,87.99215539053989,0.0604702331750441,0,0,0,1,0,0,0,0,0,1,0,0,0,0,1,0
2016-10-14 11:20:21,11.254692718508128,0.0231144803581873,64.67095173710757,0.0779094759750566,87.74416537009657,0.0602950773814762,0,0,0,1,0,0,0,0,0,1,0,0,0,0,1,0
2016-10-14 11:20:22,11.300412249193164,0.023212882935153,65.01657243699017,0.0782453006322643,112.59984713746104,0.0778506897276869,0,0,0,1,0,0,0,0,0,1,0,0,0,0,1,0
2016-10-14 11:20:23,11.97011908682382,0.0245698879935426,64.76849627134484,0.0778793739496006,94.23536095549504,0.0648798203962631,0,0,0,1,0,0,0,0,0,1,0,0,0,0,1,0
2016-10-14 11:20:24,12.133208560157206,0.0249292279957042,65.04569566585297,0.0781056848542672,77.34874237633359,0.0529527715875146,0,0,0,1,0,0,0,0,0,1,0,0,0,0,1,0
2016-10-14 11:20:25,12.132249981561188,0.0249704921734834,66.88062982837583,0.0801544459818382,78.66600434728265,0.0538831560660748,0,0,0,1,0,0,0,0,0,1,0,0,0,0,1,0
2016-10-14 11:20:26,12.158423931278907,0.0250580755899703,68.0657757547915,0.0811002173171694,75.40435636223677,0.0515794482792118,0,0,0,1,0,0,0,0,0,0,1,0,0,0,1,0
2016-10-14 11:20:27,12.22551636476216,0.0252147675778776,79.74809409255823,0.0952558522682241,66.80466136313893,0.0455054683693936,0,0,0,1,0,0,0,1,0,0,0,1,0,0,1,0
2016-10-14 11:20:28,12.234708841126825,0.0252480804454886,79.67605740434682,0.0953025902481818,85.08795342211462,0.0584189901469925,0,0,0,1,0,0,0,1,0,0,0,1,0,0,1,0
2016-10-14 11:20:29,12.104738449821202,0.0249883963225625,80.27689777847543,0.0959527766063816,84.84538636049065,0.0582476645989071,1,0,1,0,0,0,0,0,0,0,1,0,0,0,1,0
2016-10-14 11:20:30,12.031496432316768,0.0248404300904026,87.07294288926418,0.1035604764210303,87.1674294170052,0.0598877277495748,1,0,0,1,0,0,0,0,0,1,0,0,0,0,1,0
2016-10-14 11:20:31,12.142342686478896,0.0250528683110392,88.03981337237235,0.1044764965735418,83.45093576612602,0.0572627616580128,0,0,0,1,0,0,0,0,0,0,1,0,0,0,1,0
2016-10-14 11:20:32,12.203028288341295,0.0251364900234383,88.03981337237235,0.103729475369533,85.67245243849287,0.0588318228443337,0,0,0,1,0,0,0,0,0,0,1,0,0,0,1,0
2016-10-14 11:20:33,12.703314588723964,0.0261768545241392,87.9824148306638,0.102930953077558,64.0514292305701,0.0435608556055637,0,0,0,1,0,0,0,0,0,1,0,0,0,0,1,0
2016-10-14 11:20:34,12.77449592515406,0.0263330110925353,92.04204331304796,0.1073806361335147,87.93468260119322,0.0604296400414632,0,0,0,1,0,0,0,0,0,0,1,0,0,0,1,0
2016-10-14 11:20:35,12.784282937449776,0.0263531857831733,92.53274639048485,0.1077426822382669,94.169351028275,0.0648331974669819,0,0,0,1,0,0,0,0,0,1,0,0,0,0,1,0
2016-10-14 11:20:36,12.843457039594414,0.0264695340028634,93.82375865563766,0.1088991858483428,141.0128186373964,0.0979188221541219,0,0,0,1,0,0,0,0,0,1,0,0,0,0,1,0
2016-10-14 11:20:37,12.81024337962462,0.0263872661196232,94.51082460517864,0.1094857821239425,137.8053904497486,0.0956534099068269,0,0,0,1,0,0,0,0,0,1,0,0,0,0,1,0
2016-10-14 11:20:38,12.757044210707608,0.0262652265210796,98.03281235094788,0.1125807433060857,95.38916679468976,0.0656947555175476,0,0,0,1,0,0,0,0,0,0,1,0,0,0,1,0
2016-10-14 11:20:39,12.225747690435789,0.0251602459577426,101.5987417882601,0.1162934276145558,114.19452124099575,0.0789770108900762,0,0,0,1,0,0,0,0,0,0,1,0,0,0,0,0
2016-10-14 11:20:40,12.214233275029184,0.0251045546582323,104.85648832858678,0.1195575141903018,119.17715245584948,0.0824962522004052,0,0,0,1,0,0,0,0,0,1,0,0,0,0,0,0
2016-10-14 11:20:41,12.303823479943215,0.0252540769008833,105.60914875187754,0.1202658595147799,107.38096295482175,0.0741645825250076,0,0,0,1,0,0,0,0,0,1,0,0,0,0,0,0
2016-10-14 11:20:42,12.2666003000898,0.0251436659397026,127.43656159927951,0.1440225708418845,91.26025415390356,0.0627784971581336,0,0,0,1,0,0,0,0,0,0,1,0,0,0,0,0
2016-10-14 11:20:43,12.412619430151068,0.0254078242616262,127.233842642812,0.1439079158421201,88.40448979601393,0.0607614657007603,0,0,0,1,0,0,0,0,0,1,0,0,0,0,0,0
2016-10-14 11:20:44,12.443439531412778,0.0254522970567014,127.26163987758164,0.1441172669131499,91.33259693517827,0.0628295929935242,0,0,0,1,0,0,0,0,0,1,0,0,0,0,0,0
2016-10-14 11:20:45,12.42363538617164,0.0254097256366972,127.25498475452258,0.1442246634617574,81.80835222652547,0.056102601975515,0,0,0,1,0,0,0,0,0,0,1,0,0,0,0,0
2016-10-14 11:20:46,12.583370158022513,0.0257076225550802,126.95581584404329,0.1441460241464326,85.77115820724666,0.058901538904782,0,0,0,1,0,0,0,0,0,0,1,0,0,0,0,0
2016-10-14 11:20:47,12.771741976662236,0.0260840013206298,126.93966992418324,0.144068963150306,86.6867246405762,0.0595482051089591,0,0,0,1,0,0,0,0,0,1,0,0,0,0,0,0
2016-10-14 11:20:49,12.803529255176464,0.0261226591409454,126.87568273389364,0.1439048661083933,87.36484902357658,0.0600271655696655,0,0,0,1,0,0,0,0,0,0,1,0,0,0,0,0
2016-10-14 11:20:50,12.860183663950894,0.0262480287286006,126.88101155794998,0.1440023893991031,82.68456671953707,0.056721473834087,0,0,0,1,0,0,0,0,0,0,1,0,0,0,0,0
2016-10-14 11:20:51,12.7903960171935,0.0261165935924641,126.85840458607846,0.1440636119143097,77.55766238862877,0.0531003321646715,0,0,0,1,0,0,0,0,0,1,0,0,0,0,0,0
2016-10-14 11:20:52,12.796107337890248,0.0261058560873349,127.18690354664363,0.1440935613510769,95.50740170772556,0.0657782650474198,0,0,0,1,0,0,0,0,0,0,1,0,0,0,0,0
2016-10-14 11:20:53,12.765273299492549,0.0260280734904358,127.3050294594348,0.1442790333873594,97.91318286914456,0.067477472570874,0,0,0,1,0,0,0,0,0,0,1,0,0,0,0,0
2016-10-14 11:20:54,12.756935331453166,0.0260013120109601,123.1859005123602,0.1396652439832725,91.72059779628285,0.0631036386934692,0,0,0,1,0,0,0,0,0,1,0,0,0,0,0,0
2016-10-14 11:20:55,12.839150588403752,0.0261688839624117,122.9212412588852,0.1402604200206262,105.4666636522557,0.0728125095146991,0,0,0,1,0,0,0,0,0,1,0,0,0,0,0,0
2016-10-14 11:20:56,12.832703304735658,0.026158730516823,122.01400355694246,0.1401473068784232,131.064572080322,0.0908923578746413,0,0,0,1,0,0,0,0,0,1,0,0,0,0,0,0
2016-10-14 11:20:57,12.779390368216848,0.0260531518696306,123.92184967819614,0.142556532251101,123.89032192763302,0.0858251722011942,0,0,0,1,0,0,0,0,0,1,0,0,0,0,0,0
2016-10-14 11:20:58,13.04695552517606,0.0265900251178294,123.87549661656928,0.1428264403149478,93.61637263907105,0.0644426278448103,0,0,0,1,0,0,0,0,0,1,0,0,0,0,0,0
2016-10-14 11:20:59,13.144901924312212,0.026778962340402,124.21196888356538,0.1431956937368401,103.25893690153524,0.0712531881746224,0,0,0,1,0,0,0,0,0,0,1,0,0,0,0,0
2016-10-14 11:21:00,13.33805116358194,0.027118497123671,122.97060015559858,0.1415567331594515,106.8453129116116,0.0737862519445053,0,0,0,1,0,0,0,0,0,0,1,0,0,0,0,0
2016-10-14 11:21:01,18.766565422656807,0.0379707456502313,122.92799563065336,0.1410458015472465,86.55530354583901,0.0594553821554423,0,0,0,1,0,0,0,0,0,0,1,0,0,0,0,0
2016-10-14 11:21:02,18.732656298764724,0.0378341762737521,123.18459718644716,0.140620904738761,93.35906971432492,0.0642608943303299,0,0,0,1,0,0,0,0,0,1,0,0,0,0,0,0
2016-10-14 11:21:03,18.72056133526334,0.0378085155938788,124.78858947825373,0.141565315453727,95.20429256734268,0.0655641785211696,0,0,0,1,0,0,0,0,0,1,0,0,0,0,0,0
2016-10-14 11:21:04,18.735201611920015,0.0378251359848028,125.04383286538427,0.1412450672411783,88.89284878689317,0.0611063945266885,0,0,0,1,0,0,0,0,0,1,0,0,0,0,0,0
2016-10-14 11:21:05,18.73901893341141,0.0378186696081931,126.00253954993748,0.1414071095207595,107.6553989504882,0.0743584171580247,0,0,0,1,0,0,0,0,0,0,1,0,0,0,0,0
2016-10-14 11:21:06,18.738382767166463,0.0377946082333511,125.87036215735804,0.1407499601807842,90.90352648423442,0.0625265397690548,0,0,0,1,0,0,0,0,0,0,1,0,0,0,0,0
